Molecule Name,DTXSID,CASRN,SMILES,id,nconf
,,,Brc1ccc(-c2cc(-c3ccc(N(c4ccc(-c5cc(-c6ccc(Br)cc6)c6ccccc6n5)cc4)c4ccc(-c5cc(-c6ccc(Br)cc6)c6ccccc6n5)cc4)cc3)nc3ccccc23)cc1,b23c2e45f86294d5,15
,,,C(=C(c1ccc(-c2ccccc2)cc1)c1ccc(-c2ccccc2)cc1)c1ccc(-c2ccc(C=C(c3ccc(-c4ccccc4)cc3)c3ccc(-c4ccccc4)cc3)cc2)cc1,fa800219175447a2,8
,,,C(=C(c1ccc(-n2c3ccccc3c3ccccc32)cc1)c1ccc(-n2c3ccccc3c3ccccc32)cc1)c1ccc(-c2ccc(-c3ccccc3)cc2)cc1,e37bd7265a81fc15,16
,,,C(=C(c1ccc(-n2c3ccccc3c3ccccc32)cc1)c1ccc(-n2c3ccccc3c3ccccc32)cc1)c1ccc(-c2cccc3ccccc23)cc1,bba80abd7881da23,14
,,,C(=C(c1ccc(-n2c3ccccc3c3ccccc32)cc1)c1ccc(-n2c3ccccc3c3ccccc32)cc1)c1ccc(-n2c3ccccc3c3ccccc32)cc1,adb01d562737e270,12
,,,C(=C(c1ccc(-c2ccc(C(=C(c3ccccc3)c3ccccc3)c3ccccc3)cc2)cc1)c1ccc(-c2ccc(C(=C(c3ccccc3)c3ccccc3)c3ccccc3)cc2)cc1)c1ccc(-c2ccc(C(=C(c3ccccc3)c3ccccc3)c3ccccc3)cc2)cc1,be3776c666f1caeb,3
,,,C(=C(c1ccc(-n2c3ccccc3c3ccccc32)cc1)c1ccc(-n2c3ccccc3c3ccccc32)cc1)c1ccc(-c2ccc(-c3ccc(/C=C(/c4ccc(N(c5ccccc5)c5ccccc5)cc4)c4ccc(-n5c6ccccc6c6ccccc65)cc4)cc3)cc2)cc1,334b2b7459b82f32,3
,,,C(=C(c1ccc(-n2c3ccccc3c3ccccc32)cc1)c1ccc(-n2c3ccccc3c3ccccc32)cc1)c1ccc(-c2ccc(C(=C(c3ccccc3)c3ccccc3)c3ccccc3)cc2)cc1,2187cfea3a5972d7,15
,,,C(=C(c1ccc(-n2c3ccccc3c3ccccc32)cc1)c1ccc(-n2c3ccccc3c3ccccc32)cc1)c1ccc(C(=C(c2ccccc2)c2ccccc2)c2ccccc2)cc1,f6c74262958ded99,12
,,,C(=C(c1ccc(N(c2ccccc2)c2ccccc2)cc1)c1ccc(N(c2ccccc2)c2ccccc2)cc1)c1ccc(-c2ccc3ccc4cccc5ccc2c3c45)cc1,ba2a004d2cc53afd,8
,,,C(=C(c1ccccc1)c1ccccc1)N(C=C(c1ccccc1)c1ccccc1)c1ccc(N(C=C(c2ccccc2)c2ccccc2)c2ccccc2)cc1,6b922e0d7953f5b9,11
,,,C(=C(c1ccc(-n2c3ccccc3c3ccccc32)cc1)c1ccc(-n2c3ccccc3c3ccccc32)cc1)c1ccc(-c2ccc(/C=C(\c3ccc(N(c4ccccc4)c4ccccc4)cc3)c3ccc(-n4c5ccccc5c5ccccc54)cc3)cc2)cc1,a441c719bb20cd18,8
,,,C(=C(c1ccc(-n2c3ccccc3c3ccccc32)cc1)c1ccc(-n2c3ccccc3c3ccccc32)cc1)c1ccc(C=C(c2ccc(-n3c4ccccc4c4ccccc43)cc2)c2ccc(-n3c4ccccc4c4ccccc43)cc2)cc1,8a77fff3ebf810e6,7
,,,C(=C(c1ccc(-n2c3ccccc3c3ccccc32)cc1)c1ccc(-n2c3ccccc3c3ccccc32)cc1)c1ccc(-c2nnc(-c3ccc(C=C(c4ccc(-n5c6ccccc6c6ccccc65)cc4)c4ccc(-n5c6ccccc6c6ccccc65)cc4)cc3)o2)cc1,bd88d535a465fa4d,6
,,,C(=C(c1ccc(-n2c3ccccc3c3ccccc32)cc1)c1ccc(-n2c3ccccc3c3ccccc32)cc1)c1ccc(-c2ccc(-c3ccc(C(=C(c4ccccc4)c4ccccc4)c4ccccc4)cc3)cc2)cc1,0796805441183b15,25
,,,C(=C(c1ccccc1)c1ccccc1)N(c1ccccc1)c1ccc(-c2ccc(N(CC3CO3)c3ccccc3)cc2)cc1,a8f1d69b6d2aeaa9,24
,,,C(=C(c1ccccc1)c1ccccc1)c1ccc(-c2c3ccccc3c(-c3ccc(C=C(c4ccccc4)c4ccccc4)cc3)c3cc(-c4ccccc4-c4ccccc4)ccc23)cc1,aa81d5aae936c279,15
,,,C(=C(c1ccc(C(=C(c2ccccc2)c2ccccc2)c2ccccc2)cc1)c1ccc(C(=C(c2ccccc2)c2ccccc2)c2ccccc2)cc1)c1ccc(C(=C(c2ccccc2)c2ccccc2)c2ccccc2)cc1,dc04072ac1691492,16
,,,C(=C(c1ccc(-n2c3ccccc3c3ccccc32)cc1)c1ccc(-n2c3ccccc3c3ccccc32)cc1)c1ccc(-c2ccc(-c3ccc(-c4ccc(/C=C(\c5ccc(N(c6ccccc6)c6ccccc6)cc5)c5ccc(-n6c7ccccc7c7ccccc76)cc5)cc4)cc3)cc2)cc1,03086c15fac3bc51,15
,,,C(=C/c1ccc(-c2ccc(N(c3ccccc3)c3ccccc3)cc2)cc1)\c1ccc(-c2ccc(N(c3ccccc3)c3ccccc3)cc2)cc1,a87a452f4005df8d,20
,,,C(#Cc1ccc(N(c2ccccc2)c2ccc(-c3c(-c4ccccc4)c(-c4ccccc4)c(-c4ccccc4)c(-c4ccccc4)c3-c3ccccc3)cc2)cc1)c1ccc(N(c2ccccc2)c2ccc(-c3c(-c4ccccc4)c(-c4ccccc4)c(-c4ccccc4)c(-c4ccccc4)c3-c3ccccc3)cc2)cc1,8d98a89926049a97,12
,,,C(=C/c1ccc(N(c2ccccc2)c2ccccc2)cc1)\c1ccc(-c2c(-c3ccc(/C=C/c4ccc(N(c5ccccc5)c5ccccc5)cc4)cc3)c3ccccc3c3ccccc23)cc1,a9a3f9fb2121f2a5,10
,,,C(=C/c1ccc(N(c2ccccc2)c2ccc(-c3ccccc3)cc2)cc1)\c1ccc(/C=C/c2ccc(N(c3ccccc3)c3ccc(-c4ccccc4)cc3)cc2)cc1,72bdb1f67892a9ac,22
,,,C(=C/c1ccc(N(c2ccccc2)c2ccccc2)cc1)\c1ccc(-c2cc(-c3ccccc3)nc(-c3ccccc3)c2)cc1,52884ff819abba93,20
,,,C(=C/c1ccc(N(c2ccccc2)c2ccccc2)cc1)\c1ccc(/C=C/c2ccc(N(c3ccccc3)c3ccccc3)cc2)cc1,845097a8fb815cb9,16
,,,C(=C/c1ccc(N(c2ccc(-c3ccccc3)cc2)c2ccc(-c3ccccc3)cc2)cc1)\c1ccc(/C=C/c2ccc(N(c3ccc(-c4ccccc4)cc3)c3ccc(-c4ccccc4)cc3)cc2)cc1,5fa36e9785ebd0a5,22
,,,C(=C/c1ccc(N(c2ccccc2)c2ccccc2)cc1)\c1ccc(-c2cc(-c3ccccc3)cc(-c3ccc(/C=C/c4ccc(N(c5ccccc5)c5ccccc5)cc4)cc3)n2)cc1,7b84a560c481713b,23
,,,C/C(=C/N(/C=C(\C)c1ccccc1)c1ccc(N(/C=C(\C)c2ccccc2)c2ccccc2)cc1)c1ccccc1,106b7f27502f94a9,22
,,,C1=CC(c2cc(-c3cc(-n4c5ccccc5c5ccccc54)cc(-n4c5ccccc5c5ccccc54)c3)cc(-n3cccn3)c2)N=C1,eba571878be812b9,23
,,,C/C1=C\C=C/C=C/c2ccc(-c3ccccc3-c3ccc4c(c3)C(C)(C)c3cc(-c5ccc6c(c5)C(C)(C)c5cc(-c7ccccc7-c7ccc8c(c7)C(C)(C)c7ccccc7-8)ccc5-6)ccc3-4)cc2C1(C)C,5626a8e1f1baea14,10
,,,C(=C/c1ccc(N(c2ccccc2)c2ccc(-c3c(-c4ccccc4)c(-c4ccccc4)c(-c4ccccc4)c(-c4ccccc4)c3-c3ccccc3)cc2)cc1)\c1ccc(N(c2ccccc2)c2ccc(-c3c(-c4ccccc4)c(-c4ccccc4)c(-c4ccccc4)c(-c4ccccc4)c3-c3ccccc3)cc2)cc1,d2335354113a5b8b,14
,,,C(=C/c1ccc2c(c1)C(c1ccc(-c3ccc(N(c4ccccc4)c4ccccc4)cc3)cc1)(c1ccc(-c3ccc(N(c4ccccc4)c4ccccc4)cc3)cc1)c1cc(/C=C/c3ccccc3)ccc1-2)\c1ccccc1,a222e4f94d2bffc1,22
,,,C(=C/c1ccc(N(c2ccccc2)c2ccccc2)cc1)\c1ccc(-c2cc(-c3ccc(/C=C/c4ccc(N(c5ccccc5)c5ccccc5)cc4)cc3)nc(-c3ccc(/C=C/c4ccc(N(c5ccccc5)c5ccccc5)cc4)cc3)c2)cc1,e1185cba303eb650,24
,,,C=Cc1cc(-c2ccc(-c3nc4ccccc4n3-c3ccccc3)cc2)cc(-c2ccc(-c3nc4ccccc4n3-c3ccccc3)cc2)c1,2e257c6370b303b0,20
,,,C=C(C)C(=O)Oc1cccc(-c2ccc(N(c3ccc(-c4cccc(OC(=O)C(=C)C)c4)cc3)c3ccc(-c4cccc(OC(=O)C(=C)C)c4)cc3)cc2)c1,c0efd75681fb0a24,25
,,,C=Cc1ccc(COc2ccc3c(c2)C2CC=CC=C2N3c2ccc(-c3ccc(-n4c5ccccc5c5cc(OCc6ccc(C=C)cc6)ccc54)cc3C)c(C)c2)cc1,205918fbd004599f,21
,,,CC(C)(C)OC(=O)Oc1ccc(-c2cc(-c3ccc(OC(=O)OC(C)(C)C)cc3)cc(-c3ccc(OC(=O)OC(C)(C)C)cc3)c2)cc1,fbff17750f1fc7cf,20
,,,CC(C)(C)OC(=O)Oc1ccc(-c2cc(-c3ccc(OC(=O)OC(C)(C)C)cc3)cc(-c3cccc(OC(=O)OC(C)(C)C)c3)c2)cc1,ff889c232333fc32,23
,,,C1=CC(c2cc(-n3ccc4ccccc43)cc(-n3ccc4ccccc43)c2)CC=C1c1nc(-c2ccc(-c3cc(-n4ccc5ccccc54)cc(-n4ccc5ccccc54)c3)cc2)nc(-c2ccc(-c3cc(-n4ccc5ccccc54)cc(-n4ccc5ccccc54)c3)cc2)n1,df5fca2406773809,12
,,,CC(C)(C)c1ccc(-c2c(-c3ccc(C(C)(C)C)cc3)c3ccc(-c4ccc5ccc6cccc7ccc4c5c67)cc3c3cc(-c4ccc5ccc6cccc7ccc4c5c67)ccc23)cc1,79c388ede988340e,10
,,,CC(C)(C)c1cc2ccc3ccc(-c4cccc(-c5ccc6c(c5)C(C)(C)c5cc(-c7ccc8c(c7)C(C)(C)c7ccccc7-8)ccc5-6)c4)c4ccc(c1)c2c34,f3acc7f1db0f88e5,19
,,,CC(C)(C)c1ccc(-c2c(-c3ccc(C(C)(C)C)cc3)c3ccc(-c4ccc5ccccc5c4)cc3c3cc(-c4ccc5ccccc5c4)ccc23)cc1,6a1ecee6f9253261,18
,,,CC(C)(C)OC(=O)Oc1ccc(-c2c(-c3ccc(C(C)(C)C)cc3)c(-c3ccc(OC(=O)OC(C)(C)C)cc3)c(-c3ccc(C(C)(C)C)cc3)c(-c3ccc(OC(=O)OC(C)(C)C)cc3)c2-c2ccc(C(C)(C)C)cc2)cc1,215de557d4708e14,23
,,,CC(C)(C)c1cc2ccc3ccc(-c4cccc(-c5ccc6c(c5)C(C)(C)c5cc(-c7cccc(-c8ccc9ccc%10cc(C(C)(C)C)cc%11ccc8c9c%10%11)c7)ccc5-6)c4)c4ccc(c1)c2c34,4cd13ffe7652d1f3,20
,,,CC(C)(C)c1ccc(-c2ccc(C=C(c3ccc(-c4ccc(C(C)(C)C)cc4)cc3)c3ccc(-c4ccc(C(C)(C)C)cc4)cc3)cc2)cc1,2a86762e105305b7,22
,,,CC(C)(C)c1ccc(-c2ccc(N(c3ccc(/N=N/c4ccc(C#N)cc4)cc3)c3ccc(-c4ccc(C(C)(C)C)cc4)cc3)cc2)cc1,7cbb952d24a8c849,24
,,,CC(C)(C)c1ccc(-c2ccc(N(c3ccc(/N=N/c4ccc([N+](=O)[O-])cc4)cc3)c3ccc(-c4ccc(C(C)(C)C)cc4)cc3)cc2)cc1,85d6a242140a27f7,23
,,,CC(C)(C)c1ccc(-c2cnc(-c3ccc(-c4ccccc4)cc3)n2-c2ccc(-c3nc4ccccc4n3-c3ccccc3)cc2)cc1,38ccbb42aa2200c9,16
,,,CC(C)(C)c1ccc(-c2ccc(-c3ccc4c(c3)C3(c5ccccc5-c5ccccc53)c3cc(-c5ccc(-c6ccc(C(C)(C)C)cc6)c6nsnc56)ccc3-4)c3nsnc23)cc1,3103b211a126f3f7,23
,,,CC(C)(C)OC(=O)Oc1ccc(-c2c(-c3ccc(OC(=O)OC(C)(C)C)cc3)c(-c3ccc(OC(=O)OC(C)(C)C)cc3)c(-c3ccc(OC(=O)OC(C)(C)C)cc3)c(-c3ccc(OC(=O)OC(C)(C)C)cc3)c2-c2ccc(OC(=O)OC(C)(C)C)cc2)cc1,5b8fecd00af47ad8,23
,,,CC(C)(C)c1ccc(-c2nnc(-c3c4ccc(C(C)(C)C)cc4c(-c4nnc(-c5ccc(C(C)(C)C)cc5)o4)c4ccc(C(C)(C)C)cc34)o2)cc1,100147401f20a944,21
,,,CC(C)(C)c1ccc(-c2nnc(-c3ccc4c(c3)C3(c5ccccc5-4)c4cc(N(c5ccccc5)c5ccccc5)ccc4-c4ccc(N(c5ccccc5)c5ccccc5)cc43)o2)cc1,0b5fc487640886ab,14
,,,CC(C)(C)c1ccc(-c2ccc(N(c3ccc(/N=N/c4ccc(N(c5ccc(-c6ccc(C(C)(C)C)cc6)cc5)c5ccc(-c6ccc(C(C)(C)C)cc6)cc5)cc4)cc3)c3ccc(-c4ccc(C(C)(C)C)cc4)cc3)cc2)cc1,f7ad41d59338ede2,12
,,,CC(C)(C)c1ccc(-c2nnc(-c3ccc(N(c4ccccc4)c4ccc5c(c4)C4(c6ccccc6-5)c5cc(C(C)(C)C)ccc5-c5ccc(C(C)(C)C)cc54)cc3)o2)cc1,d40c6cd5e05e0763,22
,,,CC(C)(C)c1ccc(-c2nnc(-c3ccc4c(c3)C3(c5ccccc5-c5ccc(N(c6ccccc6)c6ccccc6)cc53)c3cc(-c5nnc(-c6ccc(C(C)(C)C)cc6)o5)ccc3-4)o2)cc1,29a882488515ff12,17
,,,CC(C)(C)c1ccc(-c2nc(-c3ccc(C(C)(C)C)cc3)nc(-c3ccc(-c4nc(-c5ccc(C(C)(C)C)cc5)nc(-c5ccc(C(C)(C)C)cc5)n4)c4ccccc34)n2)cc1,e3436f6de76402e9,17
,,,CC(C)(C)c1ccc(-n2c(-c3ccc(-c4ccc(N(c5ccccc5)c5ccccc5)cc4)s3)nc3c4ccccc4c4ccccc4c32)cc1,9c3eaa3465623165,15
,,,CC(C)(C)c1ccc(-n2c(-c3ccc(-c4ccc(-c5ccc6c(c5)c5ccccc5n6-c5ccccc5)c5ccccc45)cc3)nc3c4ccccc4c4ccccc4c32)cc1,c6b0e1b3e68c1295,15
,,,CC(C)(C)c1ccc(-n2c(-c3ccc(-c4ccc5c(c4)c4ccccc4n5-c4ccccc4)cc3)nc3c4ccccc4c4ccccc4c32)cc1,e3c37af6f165ec90,19
,,,CC(C)(C)c1ccc(N(c2cccc3ccccc23)c2ccc3c4c(cccc24)-c2c(-c4ccccc4)c(-c4ccccc4)c(-c4ccccc4)c(-c4ccccc4)c2-3)cc1,57aae52591aa270e,15
,,,CC(C)(C)c1ccc(-n2c(-c3ccc(-c4ccc(-c5ccc(-c6ccc7c(c6)c6ccccc6n7-c6ccccc6)c6ccccc56)c5ccccc45)cc3)nc3c4ccccc4c4ccccc4c32)cc1,fdd09e376391e3ce,22
,,,CC(C)(C)c1ccc2c(-c3ccc(-c4ccc5ccccc5c4)cc3)c3ccccc3c(-c3ccc(-c4ccc5ccccc5c4)cc3)c2c1,3c248a7a632c42c8,17
,,,CC(C)(C)c1ccc(-c2ccc(-c3cc(-c4ccc(N(c5ccc(-c6cc(-c7ccc(-c8ccc(C(C)(C)C)cc8)cc7)c7ccccc7n6)cc5)c5ccc(-c6cc(-c7ccc(-c8ccc(C(C)(C)C)cc8)cc7)c7ccccc7n6)cc5)cc4)nc4ccccc34)cc2)cc1,79cfec338564f60b,25
,,,CC(C)(C)c1ccc(-n2c3ccccc3c3cc(-c4cc(-c5ccc6c(c5)c5ccccc5n6-c5ccc(C(C)(C)C)cc5)cc(-c5nc6ccccc6n5-c5ccccc5)c4)ccc32)cc1,9cefd9c45dd5526a,23
,,,CC(C)(C)c1ccc2c(-c3ccc(-c4ccc5c(c4)C(C)(C)c4ccccc4-5)cc3)c3ccccc3c(-c3ccc(-c4ccc5c(c4)C(C)(C)c4ccccc4-5)cc3)c2c1,30152529e8ef482e,15
,,,CC(C)(C)c1ccc(N(c2ccc(C(C)(C)C)cc2)c2ccc3c(c2)C2(c4ccccc4-3)c3ccccc3-c3ccc(N(c4ccc(C(C)(C)C)cc4)c4ccc(C(C)(C)C)cc4)cc32)cc1,150cd07f59f69ccd,22
,,,CC(C)(C)c1ccc2c(-c3ccc(-c4ccc(-c5nc6ccccc6n5-c5ccccc5)cc4)cc3)c3ccccc3c(-c3ccc(-c4ccc(-c5nc6ccccc6n5-c5ccccc5)cc4)cc3)c2c1,49b801affd583800,23
,,,CC(C)(C)c1ccc2c(c1)C1(c3cc(N(c4ccccc4)c4ccc(C#N)cc4)ccc3-c3ccc(N(c4ccccc4)c4ccc(C#N)cc4)cc31)c1cc(C(C)(C)C)ccc1-2,cc15990f30e2471a,17
,,,CC(C)(C)c1ccc2c(c1)C1(c3cc(N(c4ccccc4)c4cccc5ccccc45)ccc3-c3ccc(N(c4ccccc4)c4cccc5ccccc45)cc31)c1cc(C(C)(C)C)ccc1-2,d099a7f33b3456bf,22
,,,CC(C)(C)c1ccc(N(c2ccccc2)c2ccc(-c3ccc(N(c4ccccc4)c4ccc(-c5ccc(-c6ccc(N(c7ccccc7)c7ccc(-c8ccc(N(c9ccccc9)c9ccc(C(C)(C)C)cc9)cc8)cc7)cc6)cc5)cc4)cc3)cc2)cc1,b25f28ba02c9ab3f,21
,,,CC(C)(C)c1ccc2c(c1)C1(c3cc(N(c4ccccc4)c4ccc5ccc6cccc7ccc4c5c67)ccc3-c3ccc(N(c4ccccc4)c4ccc5ccc6cccc7ccc4c5c67)cc31)c1cc(C(C)(C)C)ccc1-2,586e62f96c6e27c1,21
,,,CC(C)(C)c1ccc(N2c3ccccc3Sc3cc(-c4ccc(N(c5ccc(-c6ccc7c(c6)Sc6ccccc6N7c6ccc(C(C)(C)C)cc6)cc5)c5ccc(-c6ccc7c(c6)Sc6ccccc6N7c6ccc(C(C)(C)C)cc6)cc5)cc4)ccc32)cc1,e75ff20ef546ab37,23
,,,CC(C)(C)c1ccc2c(c1)c1cc(C(C)(C)C)ccc1n2-c1cc(-c2nc3ccccc3n2-c2ccccc2)cc(-n2c3ccc(C(C)(C)C)cc3c3cc(C(C)(C)C)ccc32)c1,54405861d61b6658,22
,,,CC(C)(C)c1ccc(N(c2ccc(/C=C/[Si](c3ccccc3)(c3ccccc3)c3ccccc3)cc2)c2ccc(-c3ccc(N(c4ccc(/C=C/[Si](c5ccccc5)(c5ccccc5)c5ccccc5)cc4)c4ccc(C(C)(C)C)cc4)cc3)cc2)cc1,7aebd3ccd9d63e16,25
,,,CC(C)(C)c1ccc2c(c1)c1cc(C(C)(C)C)ccc1n2-c1ccc(C(=O)c2ccc(-n3c4ccc(C(C)(C)C)cc4c4cc(C(C)(C)C)ccc43)cc2)cc1,a305a2f7a27d6906,17
,,,CC(C)(C)c1ccc2c(c1)B1c3cc(C(C)(C)C)ccc3Oc3cc(-n4c5ccc(-c6ccc7c(c6)c6ccccc6n7-c6ccccc6)cc5c5cc(-c6ccc7c(c6)c6ccccc6n7-c6ccccc6)ccc54)cc(c31)O2,5ab2e62ac1e7c836,25
,,,CC(C)(C)c1ccc2c(c1)c1cc(C(C)(C)C)ccc1n2-c1ccc(-n2c3ccc(C(C)(C)C)cc3c3cc(C(C)(C)C)ccc32)c2nc(-c3ccccc3)c(-c3ccccc3)nc12,06a9b3583c515f37,20
,,,CC(C)(C)c1ccc2c(c1)c1cc(C(C)(C)C)ccc1n2-c1ccc2oc3ccc(-n4c5ccc(C(C)(C)C)cc5c5cc(C(C)(C)C)ccc54)cc3c2c1,6eedfded3c0a797c,21
,,,CC(C)(C)c1ccc2c(c1)c1cc(C(C)(C)C)ccc1n2-c1ccc2c(c1)c1cc(C#N)cc3c4cc(-n5c6ccc(C(C)(C)C)cc6c6cc(C(C)(C)C)ccc65)ccc4n2c13,e5b98b470e05a13c,19
,,,CC(C)(C)c1ccc2c(c1)c1cc(C(C)(C)C)ccc1n2-c1cccc(-n2c3ccc(C(C)(C)C)cc3c3cc(C(C)(C)C)ccc32)c1-c1c(C#N)c(-c2ccccc2)nc(-c2ccccc2)c1C#N,b57e9ca548693f5f,10
,,,CC(C)(C)c1ccc2c(c1)c1cc(C(C)(C)C)ccc1n2-c1ccc2c(c1)c1cc(-n3c4ccc(C(C)(C)C)cc4c4cc(C(C)(C)C)ccc43)ccc1n2-c1ccc2c(c1)C(c1ccccc1)(c1ccccc1)c1ccccc1-2,34543a8bc843bba5,21
,,,CC(C)(C)c1ccc2c(c1)c1cc(C(C)(C)C)ccc1n2-c1ccc2c(c1)c1cc(-n3c4ccc(C(C)(C)C)cc4c4cc(C(C)(C)C)ccc43)ccc1n2-c1ccc2c(c1)C1(c3ccccc3-c3ccccc31)c1ccccc1-2,67c6e5bf84cde895,24
,,,CC(C)(C)c1ccc2c(c1)c1cc(C(C)(C)C)ccc1n2-c1ccc(-c2ccc(N(c3ccc(/N=N/c4ccc(C#N)cc4)cc3)c3ccc(-c4ccc(-n5c6ccc(C(C)(C)C)cc6c6cc(C(C)(C)C)ccc65)cc4)cc3)cc2)cc1,1f02a357371d5977,25
,,,CC(C)(C)c1ccc2c(c1)c1cc(C(C)(C)C)ccc1n2-c1ccc(-c2ccc(N(c3ccc(/N=N/c4ccc([N+](=O)[O-])cc4)cc3)c3ccc(-c4ccc(-n5c6ccc(C(C)(C)C)cc6c6cc(C(C)(C)C)ccc65)cc4)cc3)cc2)cc1,d24a42b8f4294619,25
,,,CC(C)(C)c1ccc2c(c1)c1cc(C(C)(C)C)ccc1n2-c1ccc2c(c1)c1cc(-n3c4ccc(C(C)(C)C)cc4c4cc(C(C)(C)C)ccc43)ccc1n2-c1cccc(-n2c3ccc(-n4c5ccc(C(C)(C)C)cc5c5cc(C(C)(C)C)ccc54)cc3c3cc(-n4c5ccc(C(C)(C)C)cc5c5cc(C(C)(C)C)ccc54)ccc32)c1,ab4a46aaedfc60e8,10
,,,CC(C)c1cc(C(C)C)c(B2c3ccccc3Oc3cc(-n4c5ccccc5c5ccc6c(c7ccccc7n6-c6ccccc6)c54)ccc32)c(C(C)C)c1,c6cf0c6c5cf38987,23
,,,CC(C)(C)c1ccc2c(c1)c1cc(C(C)(C)C)ccc1n2-c1ccc(C(=Cc2ccc(-c3ccc(C=C(c4ccc(-n5c6ccc(C(C)(C)C)cc6c6cc(C(C)(C)C)ccc65)cc4)c4ccc(-n5c6ccc(C(C)(C)C)cc6c6cc(C(C)(C)C)ccc65)cc4)cc3)cc2)c2ccc(-n3c4ccc(C(C)(C)C)cc4c4cc(C(C)(C)C)ccc43)cc2)cc1,d5dde5a3d9a9c102,5
,,,CC(C)c1cc(C(C)C)c(B2c3ccccc3Oc3cc(-n4c5ccccc5c5c6c(c7ccccc7n6-c6ccccc6)c6c(c7ccccc7n6-c6ccccc6)c54)ccc32)c(C(C)C)c1,65500964d83b3767,21
,,,CC(C)c1ccc2c(c1)c1cc(C(C)(C)C)ccc1n2-c1cc(-c2c(C#N)c(-c3ccccc3)nc(-c3ccccc3)c2C#N)cc(-n2c3ccc(C(C)(C)C)cc3c3cc(C(C)(C)C)ccc32)c1,9a205b53a84d80e7,25
,,,CC1(C)CCN2CCC(C)(C)c3c2c1cc1cc(-c2ccc(-c4ccc(-c5cc6cc7c8c(c6oc5=O)C(C)(C)CCN8CCC7(C)C)cc4)cc2)c(=O)oc31,86ab7d4b3e532741,20
,,,CC1(C)c2cc(-c3ccc(N(c4ccccc4)c4ccccc4)cc3)ccc2-c2ccc(-c3nc(-c4ccccc4)c(-c4ccccc4)n3-c3ccccc3)cc21,4917b9e68df071cb,14
,,,CC1(C)c2cc(-c3cccc(-c4ccc5cccnc5n4)c3)ccc2-c2ccc(-c3cccc(-c4ccc5cccnc5n4)c3)cc21,0ec8425cba335834,23
,,,CC1(C)c2cc(-c3nc(-c4ccccc4)c(-c4ccccc4)n3-c3ccccc3)ccc2-c2ccc(N(c3ccccc3)c3ccccc3)cc21,1fa63cf7a74019f5,12
,,,CC1(C)c2cc(-c3ccc(N(c4ccccc4)c4ccc(-c5ccc6c(c5)C(C)(C)c5cc(N(c7ccccc7)c7ccccc7)ccc5-6)cc4)cc3)ccc2-c2ccc(N(c3ccccc3)c3ccccc3)cc21,703f400dcf22e2c0,20
,,,CC1(C)c2cc(-c3ccc4c(c3)C(C)(C)c3cc(-c5ccccc5-c5ccccc5)ccc3-4)ccc2-c2ccc(-c3ccc4c(c3)C(C)(C)c3cc(-c5ccccc5-c5ccccc5)ccc3-4)cc21,81b702484fbfe753,21
,,,CC1(C)c2cc(-n3c4ccccc4c4ccccc43)ccc2N(c2ccc(-c3cc(-c4ccccc4)nc(-c4ccccc4)n3)cc2)c2ccc(-n3c4ccccc4c4ccccc43)cc21,c9913ec366cc621d,14
,,,CC1(C)c2cc(N(c3cccc4ccccc34)c3cccc4ccccc34)ccc2-c2ccc(N(c3cccc4ccccc34)c3cccc4ccccc34)cc21,9c28574f378bbefb,18
,,,CC1(C)c2ccccc2-c2ccc(-c3cc4c(-c5ccc6ccccc6c5)c5ccccc5c(-c5ccc6ccccc6c5)c4cc3-c3ccc4c(c3)C(C)(C)c3ccccc3-4)cc21,8d071264d70e8163,12
,,,CC1(C)c2ccccc2-c2ccc(-c3ccc(-c4nc5c6cccnc6c6ncccc6c5nc4-c4ccc(-c5ccc6c(c5)C(C)(C)c5ccccc5-6)cc4)cc3)cc21,fdb16095b12b8864,14
,,,CC1(C)c2ccccc2-c2cc3c4ccccc4n(-c4ccc(-c5cc(-c6ccccc6)nc(-c6ccccc6)n5)c(-n5c6ccccc6c6cc7c(cc65)C(C)(C)c5ccccc5-7)c4)c3cc21,eba78069e7fc5579,14
,,,CC1(C)c2cc(-c3ccc4c(c3)C(C)(C)c3cc(N(c5ccccc5)c5ccc6ccccc6c5)ccc3-4)ccc2-c2ccc(-c3ccc4c(c3)C(C)(C)c3cc(N(c5ccccc5)c5ccc6ccccc6c5)ccc3-4)cc21,b4bd2e345ae79e63,22
,,,CC1(C)c2cc(-c3ccc4c(c3)C(C)(C)c3cc(N(c5ccccc5)c5ccc(C(F)(F)F)cc5)ccc3-4)ccc2-c2ccc(-c3ccc4c(c3)C(C)(C)c3cc(N(c5ccccc5)c5ccc(C(F)(F)F)cc5)ccc3-4)cc21,ab7b9b7d70af6f19,25
,,,CC1(C)c2cc(N(c3ccccc3)c3ccc(-c4c(-c5ccccc5)c(-c5ccccc5)c(-c5ccccc5)c(-c5ccccc5)c4-c4ccccc4)cc3)ccc2-c2ccc(N(c3ccccc3)c3ccc(-c4c(-c5ccccc5)c(-c5ccccc5)c(-c5ccccc5)c(-c5ccccc5)c4-c4ccccc4)cc3)cc21,4690214f1c308c28,6
,,,CC1(C)c2cc(-c3ccc(N(c4ccccc4)c4ccccc4)cc3)ccc2-c2ccc(-c3ccc(N(c4ccccc4)c4ccc(-c5ccc6c(c5)C(C)(C)c5cc(-c7ccc(N(c8ccccc8)c8ccccc8)cc7)ccc5-6)cc4)cc3)cc21,f745ff15bfbf5c7c,25
,,,CC1(C)c2ccccc2-c2ccc(-c3ccc4c(c3)C(C)(C)c3cc(-c5ccc6c(c5)C(C)(C)c5cc(-c7ccccc7-c7ccccc7)ccc5-6)ccc3-4)cc21,bd226ab409cb80da,21
,,,CC1(C)c2cc(-c3ccc4c(c3)C(C)(C)c3cc(N(c5ccccc5)c5ccc(/C=C/c6ccccc6)cc5)ccc3-4)ccc2-c2ccc(-c3ccc4c(c3)C(C)(C)c3cc(N(c5ccccc5)c5ccc(/C=C/c6ccccc6)cc5)ccc3-4)cc21,49a68c8320802021,25
,,,CC1(C)c2ccccc2-c2ccc(-c3cccc(-c4ccc5c(c4)C(C)(C)c4cc(-c6ccc7c(c6)C(C)(C)c6cc(-c8cccc(-c9ccc%10c(c9)C(C)(C)c9ccccc9-%10)c8)ccc6-7)ccc4-5)c3)cc21,f5dba4ad0c320011,19
,,,CC1(C)c2ccccc2-c2ccc(N(c3ccccc3)c3ccc(-c4ccc(N(c5ccccc5)c5ccc6c(c5)C(C)(C)c5ccccc5-6)cc4)cc3)cc21,fa034e9df9c28213,18
,,,CC1(C)c2ccccc2N(c2cc(-c3cc(-c4ccc(-c5ccccc5)cc4)nc(-c4ccccc4)n3)cc(N3c4ccccc4C(C)(C)c4ccccc43)c2)c2ccccc21,05ad71288e6a5ab5,16
,,,CC1(C)c2ccccc2N(c2ccc(-c3cc(-c4ccccc4)nc(-c4ccccc4)n3)cc2)c2cc3c(cc21)c1ccccc1n3-c1ccccc1,5a7028f8311b5a04,12
,,,CC1(C)c2ccccc2-c2ccc(N(c3ccccc3)c3ccc(-c4ccc(N(c5ccccc5)c5ccc6c(c5)C(C)(C)c5ccccc5-6)c5ccccc45)cc3)cc21,6546ead6d254bee2,23
,,,CC1(C)c2ccccc2-c2ccc(N(c3ccc(-c4ccc(N(c5ccc6c(c5)C(C)(C)c5ccccc5-6)c5cccc6ccccc56)c5ccccc45)cc3)c3cccc4ccccc34)cc21,fd3a5b75fb21e81b,24
,,,CC1(C)c2ccccc2-c2ccc(N(c3ccc(-c4ccccc4)cc3)c3ccc(-c4ccc(N(c5ccc(-c6ccccc6)cc5)c5ccc6c(c5)C(C)(C)c5ccccc5-6)c5ccccc45)cc3)cc21,85196567ae0c5798,24
,,,CC1(C)c2ccccc2-c2ccc(N(c3ccc(-c4cccc(-c5ccc(N(c6ccc7c(c6)C(C)(C)c6ccccc6-7)c6ccc7c(c6)C(C)(C)c6ccccc6-7)cc5)n4)cc3)c3ccc4c(c3)C(C)(C)c3ccccc3-4)cc21,9da939ce76af0fbe,22
,,,CC1(C)c2ccccc2-c2ccc(N(c3ccc(-c4ccc(-c5ccc(N(c6ccc7c(c6)C(C)(C)c6ccccc6-7)c6ccc7c(c6)C(C)(C)c6ccccc6-7)cc5)c5nsnc45)cc3)c3ccc4c(c3)C(C)(C)c3ccccc3-4)cc21,72a385f86405c87c,25
,,,CC1(C)c2ccccc2N(c2ccc3c(c2)c2cc(N4c5ccccc5C(C)(C)c5ccccc54)ccc2c2nc4nc(N5c6ccccc6C(C)(C)c6ccccc65)ccc4nc32)c2ccccc21,603f3a87ac7f20ee,8
,,,CC1(C)c2ccccc2N(c2cnc3nc4c5ccc(N6c7ccccc7C(C)(C)c7ccccc76)cc5c5cc(N6c7ccccc7C(C)(C)c7ccccc76)ccc5c4nc3c2)c2ccccc21,899c0b0cc48dd128,8
,,,CC1(COc2ccc(-n3c4ccc(N(c5ccccc5)c5ccccc5)cc4c4cc(N(c5ccccc5)c5ccccc5)ccc43)cc2)COC1,0d7c13095c310174,16
,,,CC1(CN(c2ccccc2)c2ccc(-c3ccc(N(C=C(c4ccccc4)c4ccccc4)c4ccccc4)cc3)cc2)COC1,90f5e60396ebd0c0,22
,,,CC1(C)c2ccccc2-c2ccc(N(c3ccc(-c4ccc(-c5ccc(N(c6ccc7c(c6)C(C)(C)c6ccccc6-7)c6ccc7c(c6)C(C)(C)c6ccccc6-7)cc5)s4)cc3)c3ccc4c(c3)C(C)(C)c3ccccc3-4)cc21,b644a6b60e8acc79,22
,,,CCC1(CC)c2cc(/C=C/c3ccc(N(c4ccccc4)c4ccccc4)cc3)ccc2-c2ccc(/C=C/c3ccc(N(c4ccccc4)c4ccccc4)cc3)cc21,252b8b06d945bdbc,11
,,,CCC1(CC)c2ccccc2-c2ccc(-c3nc4ccccc4nc3-c3ccc(N(c4ccccc4)c4cc5ccccc5c5ccccc45)cc3)cc21,eafa0238144dce0a,12
,,,CCC1(CC)c2cc(/C=C/c3ccc(N(c4ccccc4)c4ccccc4)cc3)ccc2-c2c(/C=C/c3ccc(N(c4ccccc4)c4ccccc4)cc3)cc(/C=C/c3ccc(N(c4ccccc4)c4ccccc4)cc3)cc21,e622d035c7dc7b98,11
,,,CCC1(COc2ccc(-c3ccc(N(c4ccc(-c5ccc(OCC6(CC)COC6)cc5)cc4)c4ccc(-c5ccc(OCC6(CC)COC6)cc5)cc4)cc3)cc2)COC1,471d97eeffd1d5e9,18
,,,CCC1(COc2cccc(-c3ccc(N(c4ccc(-c5cccc(OCC6(CC)COC6)c5)cc4)c4ccc(-c5cccc(OCC6(CC)COC6)c5)cc4)cc3)c2)COC1,f2513da511df3894,22
,,,CCCC1(CCC)c2cc(C#Cc3cc(OC)c(C#Cc4cc(-c5ccccn5)nc(-c5ccccn5)c4)cc3OC)ccc2-c2ccc(C#Cc3cc(OC)c(C#Cc4cc(-c5ccccn5)nc(-c5ccccn5)c4)cc3OC)cc21,cf7a183b0f906c23,7
,,,CCCCC(CC)CN1c2ccc(/C=N/n3c4ccccc4c4ccccc43)cc2Sc2cc(/C=N/n3c4ccccc4c4ccccc43)ccc21,d1cc94324b82f147,16
,,,CCCCC(CC)CN1C(=O)c2ccc3c4c(-c5ccc6c(c5)c5ccccc5n6CC)cc5c6c(ccc(c7c(-c8ccc9c(c8)c8ccccc8n9CC)cc(c2c37)C1=O)c64)C(=O)N(CC(CC)CCCC)C5=O,8b73fd79f44fa18c,14
,,,CCCCC(CC)CN1C(=O)c2ccc3c4c(-c5ccc6c7ccccc7n(CC)c6c5)cc5c6c(ccc(c7c(-c8ccc9c%10ccccc%10n(CC)c9c8)cc(c2c37)C1=O)c64)C(=O)N(CC(CC)CCCC)C5=O,4ec8919e38dc66a2,11
,,,CCCCC(CC)Cn1c2ccccc2c2cc(-n3c4ccccc4c4cc(-c5ccc6c(c5)c5ccccc5n6CC5(C)COC5)ccc43)ccc21,302e9d89c5965680,20
,,,CCCCC(CC)Cn1c2ccccc2c2cc(-n3c4ccccc4c4cc(-c5ccc6c(c5)c5ccccc5n6-c5ccc6c(c5)c5ccccc5n6CC(CC)CCCC)ccc43)ccc21,77e273901a09c1e8,12
,,,CCCCC(CC)Cn1c2ccccc2c2cc(-c3ccc(N(c4ccc(-c5ccc6c(c5)c5ccccc5n6CC(CC)CCCC)cc4)c4ccc(-c5ccc6c(c5)c5ccccc5n6CC(CC)CCCC)cc4)cc3)ccc21,0a0b4466cb9a1c64,11
,,,CCCCC(CC)Cn1c2ccc(N(c3ccc(/C=N/N(c4ccccc4)c4ccccc4)cc3)c3ccc(/C=N/N(c4ccccc4)c4ccccc4)cc3)cc2c2cc(N(c3ccc(/C=N/N(c4ccccc4)c4ccccc4)cc3)c3ccc(/C=N/N(c4ccccc4)c4ccccc4)cc3)ccc21,b28d8b6a7a4621e3,8
,,,CCCCC1(CCCC)c2cc(-c3ccc(-c4ccc(-c5ccc(-c6ccc7c(c6)C(CCCC)(CCCC)c6cc(N(c8ccccc8)c8ccccc8)ccc6-7)s5)c5nsnc45)s3)ccc2-c2ccc(N(c3ccccc3)c3ccccc3)cc21,9894cfb0a68440da,7
,,,CCCCCCC1(CCCCCC)c2cc(-c3ccc(-c4ccc(-c5ccc(-n6c7ccccc7c7ccccc76)s5)s4)s3)ccc2-c2ccc(-c3ccc(-c4ccc(-c5ccc(-n6c7ccccc7c7ccccc76)s5)s4)s3)cc21,7e46c0092d8fb23d,9
,,,CCCCCCC1(CCCCCC)c2ccccc2-c2ccc(-c3c4ccccc4c(-c4ccc(N(c5ccc(-c6ccc7ccc8cccc9ccc6c7c89)cc5)c5ccc(-c6ccc7ccc8cccc9ccc6c7c89)cc5)cc4)c4ccccc34)cc21,bcbf162a6757021b,6
,,,CCCCCCC1(CCCCCC)c2cc(/C=C/c3ccc(N(c4ccccc4)c4ccccc4)cc3)ccc2-c2c(/C=C/c3ccc(N(c4ccccc4)c4ccccc4)cc3)cc(/C=C/c3ccc(N(c4ccccc4)c4ccccc4)cc3)cc21,a4cf6ac5c71ddd57,8
,,,CCCCCCOc1c(-c2ccc(C(=C(c3ccccc3)c3ccccc3)c3ccccc3)cc2)cc(C)cc1-c1ccc(C(=C(c2ccccc2)c2ccccc2)c2ccccc2)cc1,e25921de45ea58f9,16
,,,CCCCCCc1ccc(-c2nnc(-c3c4ccc(C(C)(C)C)cc4c(-c4nnc(-c5ccc(CCCCCC)cc5)o4)c4ccc(C(C)(C)C)cc34)o2)cc1,599fbfb93728a8b2,22
,,,CCCCCCn1c(/C=C/c2cc(C)c(-c3c(C)cc(/C=C/c4nc(C#N)c(C#N)n4CCCCCC)c4ccccc34)c3ccccc23)nc(C#N)c1C#N,6f1e92ec31f4adcb,15
,,,CCCCCCOc1c(-c2ccc(C(=C(c3ccccc3)c3ccccc3)c3ccccc3)cc2)cc(-c2ccc(C(=C(c3ccccc3)c3ccccc3)c3ccccc3)cc2)cc1-c1ccc(C(=C(c2ccccc2)c2ccccc2)c2ccccc2)cc1,9561c3487fc883d9,17
,,,CCCCCCn1c2ccccc2c2cc(/C=C\c3ccc(-c4cc(-c5ccc(/C=C/c6ccc7c(c6)c6ccccc6n7CCCCCC)cc5)cc(-c5ccc(/C=C/c6ccc7c(c6)c6ccccc6n7CCCCCC)cc5)c4)cc3)ccc21,3cf60f9674786e1e,11
,,,CCCCc1ccc(-c2ccc3c(c2)c2cc(-c4ccc(CCCC)cc4)ccc2n3-c2cccc(-c3cc(-c4ccc(-c5ccccc5)cc4)cc(-c4ccccc4)n3)c2)cc1,1cb38dc69d2dd7f1,19
,,,CCCCOc1ccc2c(c1)Oc1cc(OCCCC)ccc1C21c2cc(N(c3ccccc3)c3ccccc3)ccc2-c2ccc(N(c3ccccc3)c3ccccc3)cc21,2839ac11ae4a5c75,24
,,,CCCCc1ccc(-c2nc(-c3ccc(CCCC)cc3)nc(-c3ccc(-c4ccc(-c5nc(-c6ccc(CCCC)cc6)nc(-c6ccc(CCCC)cc6)n5)cc4)cc3)n2)cc1,cc917ac186f36b1b,21
,,,CCCCc1ccc(C#Cc2ccc(-c3nc(-c4ccc(C#Cc5ccc(CCCC)cc5)cc4)nc(-c4ccc(C(C)(C)C)cc4)n3)cc2)cc1,69cb829d6f4541d6,24
,,,CCCCn1c2ccc(-c3c(-c4ccccc4)c(-c4ccccc4)c(-c4ccccc4)c(-c4ccccc4)c3-c3ccccc3)cc2c2nc3ccccc3nc21,4800dc09392b3d87,15
,,,CCCCn1c2ccc(-c3cc(-c4ccccc4)c4c(c3-c3ccccc3)-c3cccc5cccc-4c35)cc2c2nc3ccccc3nc21,28eba4a970470824,19
,,,CCCCn1c2ccc(-c3c(-c4ccccc4)c(-c4ccccc4)c4c5ccccc5c5ccccc5c4c3-c3ccccc3)cc2c2nc3ccccc3nc21,a1fb14a842f4169b,19
,,,CCCCn1c2ccc(-c3cc(-c4ccccc4)c(-c4ccccc4)c(-c4ccccc4)c3-c3ccccc3)cc2c2nc3ccccc3nc21,f87f0aa69266c42a,20
,,,CCCOc1cc2c(cc1C=C(c1ccccc1)c1ccccc1)c1cc(C=C(c3ccccc3)c3ccccc3)ccc1n2CCC,b21dface709c9ba8,21
,,,CCCc1ccc(N(c2ccc(OC)cc2)c2cccc3c(N(c4ccc(CCC)cc4)c4ccc(OC)cc4)cccc23)cc1,207a8172ea4e0796,25
,,,CCN1C(=O)c2cccc3c(-c4cc(C)c(-c5c(C)cc(-c6ccc7c8c(cccc68)C(=O)N7CC)c6ccccc56)c5ccccc45)ccc1c23,dafa725b3c89a66a,13
,,,CCOc1nc2nc(-c3ccc(-c4ccc(-c5ccc6c(-c7ccccc7)c(C#N)c(OCC)nc6n5)cc4)cc3)ccc2c(-c2ccccc2)c1C#N,3fbfc97a20565cd5,18
,,,CCOC(=O)c1ccccc1-c1ccc2c(-c3cccc(-c4cccc5ccccc45)c3)c3ccccc3c(-c3cccc(-c4cccc5ccccc45)c3)c2c1,5a0b44f36c588e0e,22
,,,CCOc1nc2nc(-c3ccc4c5ccc(-c6ccc7c(-c8ccccc8)c(C#N)c(OCC)nc7n6)c6cccc(c7cccc3c74)c65)ccc2c(-c2ccccc2)c1C#N,84ee9bb99fb4e550,20
,,,CCOc1nc2nc(-c3ccc4ccc5c(-c6ccc7c(-c8ccccc8)c(C#N)c(OCC)nc7n6)ccc6ccc3c4c65)ccc2c(-c2ccccc2)c1C#N,ee75a98dcb4e31c2,19
,,,CCOc1nc2nc(-c3ccc4ccc5ccc(-c6ccc7c(-c8ccccc8)c(C#N)c(OCC)nc7n6)c6ccc3c4c56)ccc2c(-c2ccccc2)c1C#N,4e4fa69bd619fded,21
,,,CCc1ccc(-c2cc(-c3ccc(CC)cc3)cc(-c3cc(-c4ccccc4)nc(-c4cccc(-n5c6ccc(-c7ccccc7)cc6c6cc(-c7ccccc7)ccc65)c4)c3)c2)cc1,0b07f1a3ff759c16,15
,,,CCn1c(-c2ccc(-c3ccc4ccc5cccc6ccc3c4c56)cc2)c(-c2ccc3ccccc3c2)c(-c2ccc3ccccc3c2)c1-c1ccc(-c2ccc3ccc4cccc5ccc2c3c45)cc1,2b95e1b06b4ac9fe,10
,,,CCN1c2ccccc2Sc2cc(-c3cc(-c4ccc5c(c4)Sc4ccccc4N5CC)c4ccc5c(-c6ccc7c(c6)Sc6ccccc6N7CC)cc(-c6ccc7c(c6)Sc6ccccc6N7CC)c6ccc3c4c65)ccc21,dc698e24700da77b,25
,,,CCn1c(-c2ccc(-c3cccc4ccccc34)cc2)c(-c2ccc3ccccc3c2)c(-c2ccc3ccccc3c2)c1-c1ccc(-c2cccc3ccccc23)cc1,b3497feec2d1e8ac,18
,,,CCc1ccc(N(c2ccc(-c3c4ccccc4c4c5c(cccc35)-c3cc(N(c5ccc(CC)cc5)c5ccc(C(C)(C)C)cc5)ccc3-4)cc2)c2ccc(C(C)(C)C)cc2)cc1,0d17bb8c0f4c79ee,22
,,,CCn1c(-c2ccc(-c3ccc4c(c3)C(C)(C)C3=CCCC=C34)cc2)c(-c2ccc3ccccc3c2)c(-c2ccc3ccccc3c2)c1-c1ccc(-c2ccc3c(c2)C(C)(C)c2ccccc2-3)cc1,885d93c1524cd2d7,22
,,,CCc1ccc(N(c2ccc(-c3c4ccccc4c4c5c(cccc35)-c3cc(N(c5ccc(CC)cc5)c5c6ccccc6cc6ccccc56)ccc3-4)cc2)c2c3ccccc3cc3ccccc23)cc1,a83af20567a98be1,23
,,,CCn1c(-c2ccc3ccccc3c2)c(-c2ccc(N(c3ccccc3)c3cccc4ccccc34)cc2)c(-c2ccc(N(c3ccccc3)c3cccc4ccccc34)cc2)c1-c1ccc2ccccc2c1,b2b1a8b8bb1a461b,7
,,,CCn1c2cc(N(c3ccccc3)c3c4ccccc4cc4ccccc34)ccc2c2ccc(N(c3ccccc3)c3c4ccccc4cc4ccccc34)cc21,77a772aa6b6b7695,10
,,,CCn1c2cc(N(c3ccccc3)c3ccc(C#N)cc3)ccc2c2ccc(N(c3ccccc3)c3ccc(C#N)cc3)cc21,4fa5d7f138378dde,15
,,,CCn1c(-c2ccccc2)c(-c2ccc(N(c3ccccc3)c3cccc4ccccc34)cc2)c(-c2ccc(N(c3ccccc3)c3cccc4ccccc34)cc2)c1-c1ccccc1,cad3550ccc6c60a0,7
,,,CCn1c2cc(-c3ccc(N(c4ccccc4)c4ccccc4)s3)ccc2c2ccc(-c3ccc(N(c4ccccc4)c4ccccc4)s3)cc21,fa7d511b477d94ba,19
,,,CCn1c(-c2ccc(N(c3ccccc3)c3cccc4ccccc34)cc2)c(-c2ccc3ccccc3c2)c(-c2ccc3ccccc3c2)c1-c1ccc(N(c2ccccc2)c2cccc3ccccc23)cc1,65827311cd8430e4,22
,,,CCn1c(-c2ccc(-c3ccc4c(c3)C3(c5ccccc5-c5ccccc53)c3ccccc3-4)cc2)c(-c2ccc3ccccc3c2)c(-c2ccc3ccccc3c2)c1-c1ccc(-c2ccc3c(c2)C2(c4ccccc4-c4ccccc42)c2ccccc2-3)cc1,13eaa1f7ecf8641a,21
,,,CCCCC(CC)COc1ccc(-c2cc(-c3ccc(OCC(CC)CCCC)cc3)cc(-c3cc(-c4cc(-c5ccc(OCC(CC)CCCC)cc5)cc(-c5ccc(OCC(CC)CCCC)cc5)c4)cc(-c4c5ccccc5c(-c5cc(-c6cc(-c7ccc(OCC(CC)CCCC)cc7)cc(-c7ccc(OCC(CC)CCCC)cc7)c6)cc(-c6cc(-c7ccc(OCC(CC)CCCC)cc7)cc(-c7ccc(OCC(CC)CCCC)cc7)c6)c5)c5ccccc45)c3)c2)cc1,6d1c39bf1a915316,9
,,,CCn1c2cc(N(c3ccccc3)c3ccc(-c4nnc(-c5ccc(C(C)(C)C)cc5)o4)cc3)ccc2c2ccc(N(c3ccccc3)c3ccc(-c4nnc(-c5ccc(C(C)(C)C)cc5)o4)cc3)cc21,0325b9223155fd2b,20
,,,CCn1c2cc(N(c3ccc(-c4ccccc4)cc3)c3ccc4ccc5cccc6ccc3c4c56)ccc2c2ccc(N(c3ccc(-c4ccccc4)cc3)c3ccc4ccc5cccc6ccc3c4c56)cc21,e653e5b8d0713e31,25
,,,CCn1c2ccccc2c2cc(-c3cc(-c4ccc(N(c5ccccc5)c5ccccc5)cc4)nc(-c4ccc(N(c5ccccc5)c5ccccc5)cc4)c3)ccc21,b256776f2eef6d90,22
,,,CCn1c2ccccc2c2cc(-c3nc4ccccc4nc3-c3ccc(N(c4ccccc4)c4c5ccccc5cc5ccccc45)cc3)ccc21,7891d34a202c9edf,17
,,,CCn1c2ccccc2c2cc(-c3cc(-c4ccc5c6ccccc6n(CC)c5c4)nc(-c4ccc5c6ccccc6n(CC)c5c4)c3)ccc21,3682ef4b38d6ea2a,22
,,,CCn1c2ccc(C#N)cc2c2cc(N(c3ccc4c5ccc(N(c6ccc7c(c6)c6cc(C#N)ccc6n7CC)c6cccc7ccccc67)cc5n(CC)c4c3)c3cccc4ccccc34)ccc21,aff266f3661a9d9a,24
,,,CCn1c2ccccc2c2cc(-c3nc4ccccc4nc3-c3ccc(N(c4ccccc4)c4cccc5ccccc45)cc3)ccc21,8e69427ff558f6ee,17
,,,CCn1c2cc(N(c3ccccc3)c3ccc4c(c3)C3(c5ccccc5-4)c4cc(C(C)(C)C)ccc4-c4ccc(C(C)(C)C)cc43)ccc2c2ccc(N(c3ccccc3)c3ccc4c(c3)C3(c5ccccc5-4)c4cc(C(C)(C)C)ccc4-c4ccc(C(C)(C)C)cc43)cc21,b813c1747575b493,11
,,,CCn1c2ccccc2c2cc(-c3ccc(-c4c5ccccc5c(-c5ccc(-c6ccc7c(c6)c6ccccc6n7CC)cc5)c5cc(C(C)(C)C)ccc45)cc3)ccc21,a8d8a7717e00dbb3,21
,,,CCn1c2ccccc2c2cc(/C=C/c3ccc(N(c4ccccc4)c4ccc5ccccc5c4)cc3)ccc21,9053466a9c45f23b,20
,,,CCn1c2ccc(-n3c4ccc(N(c5ccccc5)c5ccccc5)cc4c4cc(N(c5ccccc5)c5ccccc5)ccc43)cc2c2cc(-n3c4ccc(N(c5ccccc5)c5ccccc5)cc4c4cc(N(c5ccccc5)c5ccccc5)ccc43)ccc21,a8bbb098b0d4a8d5,17
,,,CCn1c2ccccc2c2cc(-n3c4ccccc4c4cc(-n5c6ccccc6c6cc(N(c7ccccc7)c7ccccc7)ccc65)ccc43)ccc21,a09b4476e08ae3aa,19
,,,CCn1c2ccccc2c2cc(-c3cc(-c4ccc5c(c4)c4ccccc4n5CC)c4ccc5c(-c6ccc7c(c6)c6ccccc6n7CC)cc(-c6ccc7c(c6)c6ccccc6n7CC)c6ccc3c4c65)ccc21,aeb450d2fddd8c10,21
,,,CCn1c2ccccc2c2cc(-n3c4ccccc4c4cc(-n5c6ccccc6c6cc(-n7c8ccccc8c8cc(N(c9ccccc9)c9ccccc9)ccc87)ccc65)ccc43)ccc21,382810d92deb4c7f,24
,,,CCn1c2ccccc2c2cc(N(c3ccccc3)c3ccc(N(c4ccccc4)c4ccc5c(c4)c4ccccc4n5CC)cc3)ccc21,415980963bab8e33,23
,,,CCn1c2ccccc2c2cc(N(c3ccccc3)c3ccc4c5ccc(N(c6ccccc6)c6ccc7c(c6)c6ccccc6n7CC)cc5n(CC)c4c3)ccc21,2d2333a90887d176,24
,,,CCn1c2ccccc2c2cc(C(=C(c3ccccc3)c3ccccc3)c3ccc(-c4ccc(B(c5c(C)cc(C)cc5C)c5c(C)cc(C)cc5C)cc4)cc3)ccc21,29aec4951ef7a083,24
,,,CCn1c2ccccc2c2ccc(-c3cc(-c4ccc5c6ccccc6n(CC)c5c4)c4ccc5c(-c6ccc7c8ccccc8n(CC)c7c6)cc(-c6ccc7c8ccccc8n(CC)c7c6)c6ccc3c4c65)cc21,37c6a83d4b65a00e,19
,,,COc1c(-c2ccc(N(c3ccccc3)c3ccccc3)cc2)cc2ccccc2c1-c1c(OC)c(-c2ccc(N(c3ccccc3)c3ccccc3)cc2)cc2ccccc12,5e0137ded28acc03,14
,,,COc1ccc(-c2ccc(-c3ccc(OC)cc3)c3nc4c(nc23)-c2ccccc2N(c2c3ccccc3cc3ccccc23)c2ccccc2-4)cc1,29da6fa781cf10f0,11
,,,COC(=O)c1ccc(/N=N/c2ccc(N(c3ccc(-c4ccc(-n5c6ccc(C(C)(C)C)cc6c6cc(C(C)(C)C)ccc65)cc4)cc3)c3ccc(-c4ccc(-n5c6ccc(C(C)(C)C)cc6c6cc(C(C)(C)C)ccc65)cc4)cc3)cc2)cc1,881e6f9eb50c398c,11
,,,COc1ccc(-c2nnc(-c3c4ccc(C(C)(C)C)cc4c(-c4nnc(-c5ccc(OC)cc5)o4)c4ccc(C(C)(C)C)cc34)o2)cc1,b11176672ef8c863,22
,,,COc1ccc(-c2nc3ccccc3nc2-c2ccc3c(c2)c2cc(-c4nc5ccccc5nc4-c4ccc(OC)cc4)ccc2n3-c2ccccc2)cc1,1f97bb970afee6c0,19
,,,COc1ccc(-n2c3ccccc3c3cc(-n4c5ccccc5c5cc(N(c6ccccc6)c6ccccc6)ccc54)ccc32)cc1,ab0c6ffced6c7a03,18
,,,COc1ccc(-n2c3ccccc3c3cc(-n4c5ccccc5c5cc(-n6c7ccccc7c7cc(N(c8ccccc8)c8ccccc8)ccc76)ccc54)ccc32)cc1,ee61be29d0ab8cc7,23
,,,COc1ccc(N(c2ccc(C)cc2)c2cccc3c(N(c4ccc(C)cc4)c4ccc(OC)cc4)cccc23)cc1,7cd68c2cbd9a04e3,19
,,,COc1cc(N(c2ccc(C3(c4ccccc4)c4ccccc4-c4ccccc43)c(OC)c2)c2ccc(C3(c4ccccc4)c4ccccc4-c4ccccc43)c(OC)c2)ccc1C1(c2ccccc2)c2ccccc2-c2ccccc21,f3faf9cd22c0d9af,25
,,,COc1ccc(/N=N/c2ccc(OC(=O)c3ccc(N(c4ccc(C(=O)Oc5ccc(/N=N/c6ccc(OC)cc6)cc5)cc4)c4ccc(C(=O)Oc5ccc(/N=N/c6ccc(OC)cc6)cc5)cc4)cc3)cc2)cc1,a7d41868276e1a4c,10
,,,COc1ccc(N(c2ccc(-c3ccc(N(c4ccc(OC)cc4)c4ccc5c(C)cc(=O)oc5c4)cc3)cc2)c2ccc3c(C)cc(=O)oc3c2)cc1,48214deef690adf0,24
,,,COc1ccc(N(c2ccc(-c3ccccc3)cc2)c2cccc3c(N(c4ccc(OC)cc4)c4ccc(-c5ccccc5)cc4)cccc23)cc1,aa7085b228f0f842,23
,,,COc1ccc(N(c2cccc3ccccc23)c2cccc3c(N(c4ccc(OC)cc4)c4cccc5ccccc45)cccc23)cc1,be5507bc0519bde9,24
,,,COc1ccc(-c2c(-c3ccccc3)c(-c3ccc(C)cc3)c(-c3ccccc3)c(-c3ccc(OC)cc3)c2-c2ccc(N(c3ccccc3)c3ccc(-c4ccc(N(c5ccccc5)c5ccc(-c6c(-c7ccc(OC)cc7)c(-c7ccccc7)c(-c7ccc(C)cc7)c(-c7ccccc7)c6-c6ccc(OC)cc6)cc5)cc4)cc3)cc2)cc1,d48025534089dcda,7
,,,COc1ccc(N(c2ccc(OC)cc2)c2ccc3c(c2)C2(c4cc(N(c5ccc(OC)cc5)c5ccc(OC)cc5)ccc4C=C3)c3ccccc3-c3ccccc32)cc1,be3e0791f8cb992a,22
,,,COc1ccc(N2c3ccccc3Sc3cc(/C=C/c4ccc(-c5ccc(/C=C/c6ccc7c(c6)Sc6ccccc6N7c6ccc(OC)cc6)cc5)cc4)ccc32)cc1,40f81d560bb17669,17
,,,COc1ccc(N2c3ccccc3Sc3cc(/C=C/c4cccc(/C=C/c5ccc6c(c5)Sc5ccccc5N6c5ccc(OC)cc5)c4)ccc32)cc1,28d03b87e57ab306,16
,,,COc1ccc2c(c1)c1cc(OC)ccc1n2-c1ccc2oc3ccc(-n4c5ccc(OC)cc5c5cc(OC)ccc54)cc3c2c1,85bdca87c07a3252,19
,,,COc1ccc2c(c1)c1cc(OC)ccc1n2-c1ccc2c(c1)-c1cc(-n3c4ccc(OC)cc4c4cc(OC)ccc43)ccc1P2(=O)c1ccccc1,0e9d9c70d222622f,21
,,,COc1ccc2c3ccc(OC)cc3n(-c3ccc4oc5ccc(-n6c7cc(OC)ccc7c7ccc(OC)cc76)cc5c4c3)c2c1,a50ca35df986516e,18
,,,COc1ccc(C2(c3ccc(N(c4ccc(C5(c6ccc(OC)cc6)c6ccccc6-c6ccccc65)c(OC)c4)c4ccc(C5(c6ccc(OC)cc6)c6ccccc6-c6ccccc65)c(OC)c4)cc3OC)c3ccccc3-c3ccccc32)cc1,6b4c95a3a5c4bf13,25
,,,COc1cccc(N(c2cccc(OC)c2)c2cccc3c(N(c4cccc(OC)c4)c4cccc(OC)c4)cccc23)c1,cb6725aace5cc052,25
,,,COc1ccc2cc(-c3ccc(N(C4=CC=CCC4)c4ccccc4)cc3)ccc2c1-c1c(OC)ccc2cc(-c3ccc(N(c4ccccc4)c4ccccc4)cc3)ccc12,40bf1aa70a11ecea,23
,,,Cc1c(-n2c3ccccc3c3ccccc32)cc(N(C)c2cc(-n3c4ccccc4c4ccccc43)cc(-n3c4ccccc4c4ccccc43)c2)cc1-n1c2ccccc2c2ccccc21,1cecfd45a20f534c,15
,,,Cc1cc(-c2cccc(N(c3ccc(-c4ccccc4)cc3)c3ccc(-c4ccccc4)cc3)c2)nc2ccccc12,a22530baeded2373,20
,,,Cc1cc(-n2c3ccccc3c3cc(-c4ccc5c(c4)c4ccccc4n5-c4ccc(C#N)c(C)c4)ccc32)ccc1C#N,cd1e95960dda6121,18
,,,Cc1cc(-c2cccc(-n3c4ccc(-c5ccc(-c6ccccc6)cc5)cc4c4cc(-c5ccc(-c6ccccc6)cc5)ccc43)c2)nc2ccccc12,f99b232234864a4e,19
,,,Cc1cc(=O)oc2cc(N(c3ccccc3)c3ccc(-c4ccc(N(c5ccccc5)c5ccc6c(C)cc(=O)oc6c5)cc4)cc3)ccc12,43aaaa2427d74001,19
,,,Cc1cc(C(=C(c2ccccc2)c2ccccc2)c2ccccc2)ccc1-c1ccc(C(=C(c2ccccc2)c2ccccc2)c2ccccc2)cc1C,c9bee02c32e0867e,14
,,,Cc1cc(C)c(-c2ccc(-c3nnc(-c4ccc(-c5c(C)cc(C)c(-c6c(C)cc(C)c(-c7ccc(-c8nnc(-c9ccc(-c%10c(C)cc(C)cc%10C)cc9)o8)cc7)c6C)c5C)cc4)o3)cc2)c(C)c1,ccbabbff06f0b12e,11
,,,Cc1cc(C)c(-c2c(C)cc(C)c(-c3ccc(C=C(c4ccccc4)c4ccccc4)cc3)c2C)c(C)c1-c1ccc(C=C(c2ccccc2)c2ccccc2)cc1,9e9df79e0031144b,19
,,,Cc1cc(C)c(-c2c(C)cc(C)c(-c3ccc(-c4ccc(C=C(c5ccccc5)c5ccccc5)cc4)cc3)c2C)c(C)c1-c1ccc(-c2ccc(C=C(c3ccccc3)c3ccccc3)cc2)cc1,0817f48ad6c0b27e,23
,,,Cc1cc(C)c(-c2c(C)cc(C)c(-c3ccc(-c4nnc(-c5ccc(-c6ccc(C(C)(C)C)cc6)cc5)o4)cc3)c2C)c(C)c1-c1ccc(-c2nnc(-c3ccc(-c4ccc(C(C)(C)C)cc4)cc3)o2)cc1,5bf8827865d357f4,24
,,,Cc1cc(C)c(B(c2ccc(-c3ccc(N(c4ccc5c(c4)C(C)(C)c4ccccc4-5)c4ccc5c(c4)C(C)(C)c4ccccc4-5)cc3)s2)c2c(C)cc(C)cc2C)c(C)c1,29b428495f34e1c8,22
,,,Cc1cc(-n2c3ccccc3c3cc(-n4cccn4)ccc32)ccc1-c1ccc(-n2c3ccc(-n4c5ccc(C(C)(C)C)cc5c5cc(C(C)(C)C)ccc54)cc3c3cc(-n4c5ccc(C(C)(C)C)cc5c5cc(C(C)(C)C)ccc54)ccc32)cc1C,b557c0ac870f4713,25
,,,Cc1cc(C)c(B(c2ccc(-c3ccc(-c4ccc(N(c5ccc6c(c5)C(C)(C)c5ccccc5-6)c5ccc6c(c5)C(C)(C)c5ccccc5-6)cc4)s3)s2)c2c(C)cc(C)cc2C)c(C)c1,531be70ff44961f8,24
,,,Cc1ccc(-c2cc(-c3ccc(-c4cc(-c5ccc(C)cc5)nc(-c5ccccc5)c4C#N)cc3)c(C#N)c(-c3ccccc3)n2)cc1,71bb176cdaba4648,16
,,,Cc1cc2nc(-c3ccc(-c4cc(-c5ccccc5)c(-c5ccccc5)c(-c5ccccc5)c4-c4ccccc4)cc3)c(-c3ccc(-c4cc(-c5ccccc5)c(-c5ccccc5)c(-c5ccccc5)c4-c4ccccc4)cc3)nc2cc1C,1742448ac45d4166,8
,,,Cc1ccc(-c2c(-c3ccc(C)cc3)c(-c3ccc(C)cc3)c(-c3ccc(N(c4ccccc4)c4ccc(-c5ccc(N(c6ccccc6)c6ccccc6)cc5)cc4)cc3)c(-c3ccc(C)cc3)c2-c2ccc(C)cc2)cc1,3c4c7113746c6905,7
,,,Cc1ccc(-c2ccc(C=C(c3ccc(-c4ccc(C)cc4)cc3)c3ccc(-c4ccc(C)cc4)cc3)cc2)cc1,85644a0faab00d57,19
,,,Cc1cc(N(c2ccc(-c3cccc(-c4nc5ccccc5n4-c4ccccc4)c3)c(C)c2)c2ccc(-c3cccc(-c4nc5ccccc5n4-c4ccccc4)c3)c(C)c2)ccc1-c1cccc(-c2nc3ccccc3n2-c2ccccc2)c1,4702e6fb5695c017,11
,,,Cc1ccc(-c2ccc(-c3ccc(C)cc3)c(/C=C/c3ccc(/C=C/c4cc(-c5ccc(C)cc5)ccc4-c4ccc(C)cc4)cc3)c2)cc1,4c67180002fd93e0,23
,,,Cc1ccc(-c2nc3ccccc3nc2-c2ccc3c(c2)c2cc(-c4nc5ccccc5nc4-c4ccc(C)cc4)ccc2n3-c2ccccc2)cc1,484295be0959d0e5,11
,,,Cc1ccc(-c2nc(-n3c4ccccc4c4ccccc43)nc(-n3c4ccccc4c4ccccc43)n2)cc1-c1cc(-n2c3ccccc3c3ccccc32)ccc1C,cdf439d9e0d1e950,14
,,,Cc1ccc(-c2ccc(-c3ccc(C)cc3)c(/C=C/c3ccc(-c4ccc(/C=C/c5cc(-c6ccc(C)cc6)ccc5-c5ccc(C)cc5)cc4)cc3)c2)cc1,8b1d835795fc67e4,24
,,,Cc1ccc(-c2ccc(N(c3ccc(C)cc3)c3cc(N(c4ccc(C)cc4)c4ccc(-c5ccc(C)cc5)cc4)cc(N(c4ccc(C)cc4)c4ccc(-c5ccc(C)cc5)cc4)c3)cc2)cc1,ecc856c04966e8f8,10
"3,6-bis(2,2-diphenylethenyl)-9-(4-methylphenyl)-9h-carbazole",DTXSID30596608,200697-97-8,Cc1ccc(-n2c3ccc(C=C(c4ccccc4)c4ccccc4)cc3c3cc(C=C(c4ccccc4)c4ccccc4)ccc32)cc1,815cbba17d95f5bf,14
,,,Cc1ccc(-c2ccc(N(c3ccc(-c4ccc(C)cc4)cc3)c3cc(N(c4ccc(-c5ccc(C)cc5)cc4)c4ccc(-c5ccc(C)cc5)cc4)cc(N(c4ccc(-c5ccc(C)cc5)cc4)c4ccc(-c5ccc(C)cc5)cc4)c3)cc2)cc1,613ad5eae13a9bc1,9
,,,Cc1ccc(-c2c(-c3ccccc3)c(-c3ccccc3)c(-c3ccc(N(c4ccccc4)c4ccc(-c5ccc(N(c6ccccc6)c6ccc(-c7c(-c8ccccc8)c(-c8ccccc8)c(-c8ccc(C)cc8)c(-c8ccccc8)c7-c7ccccc7)cc6)cc5)cc4)cc3)c(-c3ccccc3)c2-c2ccccc2)cc1,280200a251dad346,8
,,,Cc1ccc(C)c(N(c2ccc3ccc4c(N(c5cc(C)ccc5C)c5cccc6c5oc5ccccc56)ccc5ccc2c3c54)c2cccc3c2oc2ccccc23)c1,383ce332f8f2dbe1,13
,,,Cc1ccc(-c2cc(-c3ccc(C)cc3)cc(-c3ccc(N(c4ccccc4)c4ccc(-c5ccc(N(c6ccccc6)c6ccc(-c7cc(-c8ccc(C)cc8)cc(-c8ccc(C)cc8)c7)cc6)cc5)cc4)cc3)c2)cc1,a345f906c925b9ce,23
,,,Cc1ccc(N(c2ccc(-c3ccc([Si](c4ccccc4)(c4ccccc4)c4ccccc4)cc3)cc2)c2ccc3c(c2)c2ccccc2n3-c2ccccc2)cc1,d002c6fe8b398517,21
,,,Cc1ccc(N(c2ccc(-c3ccc(N(c4ccc(C)cc4)c4ccc5c(c4)c4ccccc4n5-c4ccccc4)cc3)cc2)c2ccc3c(c2)c2ccccc2n3-c2ccccc2)cc1,6c283b06f43c8836,22
,,,Cc1ccc(C2(c3ccc(-c4ccccc4)cc3)c3ccccc3-c3ccc(-c4ccc(-c5ccc6c(c5)C(c5ccc(C)cc5)(c5ccc(-c7ccccc7)cc5)c5ccccc5-6)c5nsnc45)cc32)cc1,c2cea4ecc6e17ac1,25
,,,Cc1ccc(-n2c3ccccc3c3cc(-c4ccc(N(c5ccc(-c6ccc7c(c6)c6ccccc6n7-c6ccc(C)c(C)c6)cc5)c5ccc(-c6ccc7c(c6)c6ccccc6n7-c6ccc(C)c(C)c6)cc5)cc4)ccc32)cc1C,3fc9b85b0346095f,24
,,,Cc1ccc(N(c2ccc(-c3ccc(N(c4ccccc4)c4cccc5ccccc45)cc3)cc2)c2ccc(-c3c(-c4ccccc4)c(-c4ccccc4)c(-c4ccccc4)c(-c4ccccc4)c3-c3ccccc3)cc2)cc1,fc19be6c898cae1e,15
,,,Cc1ccc(C2(c3ccc(-c4ccc(-c5c6ccccc6c(-c6ccc(-c7ccc(C8(c9ccc(C)cc9)c9ccccc9-c9ccccc98)cc7)cc6)c6cc(C(C)(C)C)ccc56)cc4)cc3)c3ccccc3-c3ccccc32)cc1,e96ec34d81e52c78,23
,,,Cc1ccc(N(c2ccc(C)cc2)c2cc(-c3cc(N(c4ccc(C)cc4)c4ccc(C)cc4)c(C)c(N(c4ccc(C)cc4)c4ccc(C)cc4)c3)cc(N(c3ccc(C)cc3)c3ccc(C)cc3)c2C)cc1,3e4b3ea5f92f37c7,8
,,,Cc1ccc(N(c2ccc(C)cc2)c2ccc(-c3ccc(-c4ccc(-c5ccc(N(c6ccc(C)cc6)c6ccc(C)cc6)cc5)s4)s3)cc2)cc1,5904bf8ced401104,13
,,,Cc1ccc(N(c2ccc(-c3ccc(N(c4ccc(C)cc4)c4ccc(-c5cc(-c6ccccc6)cc(-c6ccccc6)c5)cc4)cc3)cc2)c2ccc(-c3cc(-c4ccccc4)cc(-c4ccccc4)c3)cc2)cc1,a9ecb564441435a2,25
,,,Cc1ccc(N(c2ccc(-c3ccc(N(c4ccc(C)cc4)c4ccc(-c5c(-c6ccccc6)c(-c6ccccc6)c(-c6ccccc6)c(-c6ccccc6)c5-c5ccccc5)cc4)cc3)cc2)c2ccc(-c3c(-c4ccccc4)c(-c4ccccc4)c(-c4ccccc4)c(-c4ccccc4)c3-c3ccccc3)cc2)cc1,e75d5109b8f3337f,10
,,,Cc1ccc(N(c2ccc(C)cc2)c2cc(-c3cc(N(c4ccc(C)cc4)c4ccc(C)cc4)cc(N(c4ccc(C)cc4)c4ccc(C)cc4)c3C)c(C)c(N(c3ccc(C)cc3)c3ccc(C)cc3)c2)cc1,0785c8cf52c01224,14
,,,Cc1ccc(N(c2ccc(C(C)(C)C)cc2)c2ccc3c(c2)C(C)(C)c2cc(-c4ccc5c(c4)C(C)(C)c4cc(-c6ccc7c(c6)C(C)(C)c6cc(N(c8ccc(C)cc8)c8ccc(C(C)(C)C)cc8)ccc6-7)ccc4-5)ccc2-3)cc1,27ee1400d1393ecb,23
,,,Cc1ccc(N(c2ccccc2)c2ccc(-c3c4c(c(-c5ccc(N(c6ccccc6)c6ccc(C)cc6)cc5)c5nsnc35)N=S=N4)cc2)cc1,98aaaf795c23ab39,14
,,,Cc1ccc(N(c2ccc(C)cc2)c2ccc3c(c2)C(C)(C)c2cc(-c4ccc5c(c4)C(C)(C)c4cc(-c6ccc7c(c6)C(C)(C)c6cc(N(c8ccc(C)cc8)c8ccc(C)cc8)ccc6-7)ccc4-5)ccc2-3)cc1,da5b1651438c33f1,17
,,,Cc1ccc(N(c2ccc3c(c2)c2ccccc2n3-c2ccccc2)c2ccc3c(c2)c2cc(-n4c5ccccc5c5ccccc54)ccc2n3-c2ccccc2)cc1,a773bda23d25ea48,23
,,,Cc1ccc(N(c2ccc(C)cc2)c2ccc3c(c2)C(c2ccc(-c4ccc(-c5ccccc5)cc4)cc2)(c2ccc(-c4ccc(-c5ccccc5)cc4)cc2)c2cc(N(c4ccc(C)cc4)c4ccc(C)cc4)ccc2-3)cc1,28580c99605526f8,17
,,,Cc1cccc(-n2c3ccccc3c3c2c2c4ccccc4n(-c4cccc(C)c4)c2c2c4ccccc4n(-c4cccc(C)c4)c32)c1,5f5fc0d5e6a83776,16
,,,Cc1ccc(N(c2ccc(F)cc2)c2ccc3c(c2)C(C)(C)c2cc(-c4ccc5c(c4)C(C)(C)c4cc(-c6ccc7c(c6)C(C)(C)c6cc(N(c8ccc(C)cc8)c8ccc(F)cc8)ccc6-7)ccc4-5)ccc2-3)cc1,41ababe6ba3aab15,22
,,,Cc1cccc(N(c2ccc(-c3ccccc3)cc2)c2c3ccccc3c(-c3c4ccccc4c(N(c4ccc(-c5ccccc5)cc4)c4cccc(C)c4)c4ccccc34)c3ccccc23)c1,c0bf265f29cd92ca,18
,,,Cc1ccc2c(c1)c1ccccc1n2-c1nc(Oc2cccc(Oc3nc(-n4c5ccccc5c5cc(C)ccc54)nc(-n4c5ccccc5c5cc(C)ccc54)n3)c2)nc(-n2c3ccccc3c3cc(C)ccc32)n1,be36cdd245a03a79,16
"n~1~-(3-methylphenyl)-n~4~,n~4~-bis{4-[(3-methylphenyl)(phenyl)amino]phenyl}-n~1~-phenylbenzene-1,4-diamine",DTXSID40453692,124729-98-2,Cc1cccc(N(c2ccccc2)c2ccc(N(c3ccc(N(c4ccccc4)c4cccc(C)c4)cc3)c3ccc(N(c4ccccc4)c4cccc(C)c4)cc3)cc2)c1,b2c885328b9e39c9,23
,,,Cc1ccc2c(c1)c1cc(-c3ccc4c(c3)c3cc(-c5ccc6c(c5)c5cc(C)ccc5n6-c5ccccc5)ccc3n4-c3cc4c5c(c3)Oc3ccccc3B5c3ccccc3O4)ccc1n2-c1ccccc1,202465735df79f7d,24
,,,Cc1ccccc1-c1ccc(-c2ccccc2C)c2nc3c4ccc(N5c6ccccc6Oc6ccccc65)cc4c4cc(N5c6ccccc6Oc6ccccc65)ccc4c3nc12,92438578517f5d59,8
,,,Cc1ccccc1-c1cc2nc3c4ccc(N5c6ccccc6Oc6ccccc65)cc4c4cc(N5c6ccccc6Oc6ccccc65)ccc4c3nc2cc1-c1ccccc1C,d60eb72b82f0ab62,11
,,,Cc1cccc(N(c2ccc3c(c2)C(c2ccccc2)(c2ccccc2)c2cc(N(c4cccc(C)c4)c4ccc5c(c4)C4(c6ccccc6-c6ccccc64)c4ccccc4-5)ccc2-3)c2ccc3c(c2)C2(c4ccccc4-c4ccccc42)c2ccccc2-3)c1,125737c60f911eaa,15
,,,Cc1cccc(N(c2ccccc2)c2ccc(N(c3ccc4c(c3)C(C)(C)c3cc(N(c5ccc(N(c6ccccc6)c6cccc(C)c6)cc5)c5cccc6ccccc56)ccc3-4)c3cccc4ccccc34)cc2)c1,c92cfecf31d54566,25
,,,Cc1cccc(N(c2ccccc2)c2ccc3c(c2)C2(c4cc(N(c5ccccc5)c5cccc(C)c5)ccc4-3)c3cc(N(c4ccccc4)c4cccc(C)c4)ccc3-c3ccc(N(c4ccccc4)c4cccc(C)c4)cc32)c1,f366be588f192f7d,24
,,,Cc1sc2ccccc2c1C1=C(c2c(C)sc3cc(-c4ccc(-c5ccccc5)cc4-c4ccccc4)ccc23)C(F)(F)C(F)(F)C1(F)F,c3a6097f26d26142,19
,,,Cc1cccc(N(c2ccccc2)c2ccc3c(c2)c2cc(N(c4ccccc4)c4cccc(C)c4)ccc2n3-c2ccc(-n3c4ccc(N(c5ccccc5)c5cccc(C)c5)cc4c4cc(N(c5ccccc5)c5cccc(C)c5)ccc43)cc2)c1,d7a76fcf6f6bd416,24
,,,Cc1sc2cc(-c3ccc(-c4ccccc4)cc3-c3ccccc3)ccc2c1C1=C(c2c(C)sc3cc(-c4ccc(-c5ccccc5)cc4-c4ccccc4)ccc23)C(F)(F)C(F)(F)C1(F)F,db23eb97924f6583,13
,,,Cc1cccc(N(c2ccccc2)c2ccc3c(c2)c2cc(N(c4ccccc4)c4cccc(C)c4)ccc2n3-c2ccc(-c3ccc(-n4c5ccc(N(c6ccccc6)c6cccc(C)c6)cc5c5cc(N(c6ccccc6)c6cccc(C)c6)ccc54)cc3)cc2)c1,00c62da0166782ed,25
,,,Fc1c(F)c(-c2ccc(-c3ccc(N(c4ccccc4)c4ccccc4)cc3)s2)c2nsnc2c1-c1ccc(-c2ccc(N(c3ccccc3)c3ccccc3)cc2)s1,3826eb7d67078a61,18
,,,Fc1ccc(N(c2ccc(-c3ccc([Si](c4ccccc4)(c4ccccc4)c4ccccc4)cc3)cc2)c2ccc3c(c2)c2ccccc2n3-c2ccccc2)cc1,553fe9044a0e5a55,24
,,,N#C/C(=C/c1ccc(/C=C/c2ccc(N(c3ccccc3)c3ccccc3)cc2)cc1)c1ccc(/C=C/c2ccc(N(c3ccccc3)c3ccccc3)cc2)cc1,6bc2832c0878b202,11
,,,N#CC(=C(c1ccccc1)c1ccccc1)c1ccc(N(c2ccccc2)c2ccc(N(c3ccccc3)c3ccc(C(C#N)=C(c4ccccc4)c4ccccc4)cc3)cc2)cc1,74ae1fefe65271ea,8
,,,Fc1ccc(N(c2ccc(-c3ccc(N(c4ccc(F)cc4)c4ccc5c(c4)c4ccccc4n5-c4ccccc4)cc3)cc2)c2ccc3c(c2)c2ccccc2n3-c2ccccc2)cc1,11fd191b8f289c36,23
,,,N#CC(=C(c1ccccc1)c1ccccc1)c1ccc(N(c2ccc(N(c3ccc(C(C#N)=C(c4ccccc4)c4ccccc4)cc3)c3ccc4ccccc4c3)cc2)c2ccc3ccccc3c2)cc1,fb7071eba03d4f39,7
,,,Cc1sc2cc(-c3ccc(N(c4ccc(N(c5ccccc5)c5ccccc5)cc4)c4ccc(N(c5ccccc5)c5ccccc5)cc4)cc3)ccc2c1C1=C(c2c(C)sc3cc(-c4ccc(N(c5ccc(N(c6ccccc6)c6ccccc6)cc5)c5ccc(N(c6ccccc6)c6ccccc6)cc5)cc4)ccc23)C(F)(F)C(F)(F)C1(F)F,89b95b036ca4a87f,3
,,,N#Cc1c(-c2ccc(N(c3ccccc3)c3ccccc3)cc2)nc(-c2ccc(N(c3ccccc3)c3ccccc3)cc2)c(C#N)c1-c1ccccc1,5a5f69beef6a15e0,10
,,,N#Cc1ccc(-c2cc(-c3ccccc3)c(-c3ccc(-c4ccc(-n5c6ccccc6c6ccccc65)cc4)cc3)cc2-c2ccccc2)cc1,968c39033daeef55,13
,,,N#Cc1ccc(-n2c3ccccc3c3cc(-c4ccc5c(c4)c4ccccc4n5-c4ccc(C#N)c(C(F)(F)F)c4)ccc32)cc1C(F)(F)F,3fc23baf7d205e6a,18
,,,N#Cc1ccc(-c2cc(-c3ccccc3)c(-c3ccc(-c4ccc5c(c4)c4ccccc4n5-c4ccccc4)cc3)cc2-c2ccccc2)cc1,b982812bcf299737,17
,,,N#Cc1ccc(-n2c3ccccc3c3cc(-c4ccc5c(c4)c4ccccc4n5-c4ccc(C#N)cc4C(F)(F)F)ccc32)c(C(F)(F)F)c1,ba75b2a25bc44526,19
,,,Cc1cn(-c2cc(-c3ccc(-c4cc(-c5ccc(-c6cc(-n7cc(C)c8ccccc87)cc(-n7cc(C)c8ccccc87)c6)cc5)cc(-c5ccc(-c6cc(-n7cc(C)c8ccccc87)cc(-n7cc(C)c8ccccc87)c6)cc5)c4)cc3)cc(-n3cc(C)c4ccccc43)c2)c2ccccc12,9156399ee481fe78,25
,,,N#Cc1c(-c2ccc(N(c3ccc(-c4ccccc4)cc3)c3ccc(-c4ccccc4)cc3)cc2)cncc1-c1ccc(N(c2ccc(-c3ccccc3)cc2)c2ccc(-c3ccccc3)cc2)cc1,3b6c0236dcb6348f,15
,,,N#CC(C#N)=Cc1ccc(-c2ccc(-c3ccc(-c4ccc(-c5ccc(-c6ccc(-n7c8ccc(-c9ccc(N(c%10ccccc%10)c%10ccccc%10)cc9)cc8c8cc(-c9ccc(N(c%10ccccc%10)c%10ccccc%10)cc9)ccc87)s6)s5)s4)s3)s2)s1,f705097ede20b033,7
,,,N#Cc1ccc(-n2c(-c3ccc4ccccc4c3)nc3c4ccc(-c5ccc(C=C(c6ccccc6)c6ccccc6)cc5)cc4c4cc(-c5ccc(C=C(c6ccccc6)c6ccccc6)cc5)ccc4c32)cc1,8672da601417141d,9
,,,N#CC(=C(c1ccccc1)c1ccccc1)c1ccc(-c2ccc(N(c3ccc(-c4ccc(C(C#N)=C(c5ccccc5)c5ccccc5)cc4)cc3)c3ccc(-c4ccc(C(C#N)=C(c5ccccc5)c5ccccc5)cc4)cc3)cc2)cc1,c758eef864113909,24
,,,N#Cc1cccc(-n2c(-c3cccc(C(=C(c4ccccc4)c4ccccc4)c4ccccc4)c3)nc3c4ccccc4c4ccccc4c32)c1,2e03b89c0e79980a,13
,,,N#CC(C#N)=Cc1ccc(-c2ccc(-c3ccc(-c4ccc(-c5ccc(-n6c7ccc(-c8ccc(N(c9ccccc9)c9ccccc9)cc8)cc7c7cc(-c8ccc(N(c9ccccc9)c9ccccc9)cc8)ccc76)s5)s4)s3)s2)s1,0fefd4525c1ba946,17
,,,N#Cc1ccc(-n2c(-c3ccc4ccccc4c3)nc3c4ccc(-c5ccc(-n6c7ccccc7c7ccccc76)cc5)cc4c4cc(-c5ccc(-n6c7ccccc7c7ccccc76)cc5)ccc4c32)cc1,39d2449d06a28d2d,19
,,,N#Cc1ccccc1-c1ccccc1-n1c2ccccc2c2cc(-c3ccc4c(c3)c3ccccc3n4-c3ccccc3)ccc21,dce5392b7d663797,23
,,,N#Cc1nc(-c2ccc(-c3cc(-c4ccccc4)c(-c4ccccc4)c(-c4ccccc4)c3-c3ccccc3)cc2)c(-c2ccc(-c3cc(-c4ccccc4)c(-c4ccccc4)c(-c4ccccc4)c3-c3ccccc3)cc2)nc1C#N,90f929b4cb10f97b,5
,,,N#Cc1ccc(/N=N/c2ccc(OC(=O)c3ccc(N(c4ccc(C(=O)Oc5ccc(/N=N/c6ccc(C#N)cc6)cc5)cc4)c4ccc(C(=O)Oc5ccc(/N=N/c6ccc(C#N)cc6)cc5)cc4)cc3)cc2)cc1,67b0de0ad20bbca9,6
,,,N#Cc1ccc(N(c2ccc(-c3ccc(N(c4ccc(C#N)cc4)c4ccc5c(c4)c4ccccc4n5-c4ccccc4)cc3)cc2)c2ccc3c(c2)c2ccccc2n3-c2ccccc2)cc1,f2834538f880d382,21
,,,Nc1ccc(-c2ccc(N(c3ccccc3)c3ccc(-c4ccc(N(c5ccccc5)c5ccc(-c6ccc(N)cc6)cc5)cc4)cc3)cc2)cc1,71fdff4668ae8546,16
,,,N#Cc1nc(-c2ccc(-c3ccc(N(c4ccccc4)c4ccccc4)cc3)cc2)c(-c2ccc(-c3ccc(N(c4ccccc4)c4ccccc4)cc3)cc2)nc1C#N,f7b70dad1a6e450e,18
,,,N#Cc1ccccc1-c1ccccc1-n1c2ccc(-c3ccc4c(c3)c3ccccc3n4-c3ccccc3)cc2c2cc(-c3ccc4c(c3)c3ccccc3n4-c3ccccc3)ccc21,7d8a28808674c915,24
,,,N#Cc1nc(-c2ccc(-c3ccc(N(c4ccccc4)c4cccc5ccccc45)cc3)cc2)c(-c2ccc(-c3ccc(N(c4ccccc4)c4cccc5ccccc45)cc3)cc2)nc1C#N,05cdae15f88635e2,15
,,,O=C(O)c1ccccc1-c1ccc2c(-c3cccc(-c4cccc5ccccc45)c3)c3ccccc3c(-c3cccc(-c4cccc5ccccc45)c3)c2c1,2504590b2e5b44d1,19
,,,O=C(/C=C/c1ccccc1)Oc1cccc(-c2ccc(N(c3ccc(-c4cccc(OC(=O)/C=C/c5ccccc5)c4)cc3)c3ccc(-c4cccc(OC(=O)/C=C/c5ccccc5)c4)cc3)cc2)c1,e7cf1471eba9a677,14
,,,O=C(c1ccncc1)c1ccc(-n2c3ccc(-n4c5ccccc5c5ccccc54)cc3c3cc(-n4c5ccccc5c5ccccc54)ccc32)cc1,aff961619ab24b22,12
,,,O=C(Oc1ccc(/N=N/c2ccccc2)cc1)c1ccc(N(c2ccc(C(=O)Oc3ccc(/N=N/c4ccccc4)cc3)cc2)c2ccc(C(=O)Oc3ccc(/N=N/c4ccccc4)cc3)cc2)cc1,279df5e5b2980719,8
,,,O=C1C(c2ccc3c(c2)c2ccccc2n3-c2ccccc2)=C(c2ccc3c(c2)c2ccccc2n3-c2ccccc2)C(=O)N1c1ccccc1,58dfe3bf75be43d6,12
,,,O=C1c2ccc(-c3ccc(N(c4ccccc4)c4ccccc4)cc3)cc2S(=O)(=O)c2cccc(-c3ccc(N(c4ccccc4)c4ccccc4)cc3)c21,39158401d1f7c1bd,13
,,,O=C(c1ccccc1)c1ccc2nc(-c3ccccc3)c(-c3ccc4c(c3)Oc3cc(-c5nc6cc(C(=O)c7ccccc7)ccc6nc5-c5ccccc5)ccc3N4c3ccccc3)nc2c1,3122fb8c6d7223e0,18
,,,O=P(c1ccccc1)(c1ccccc1)c1cc(-c2ccc(N(c3ccccc3)c3ccccc3)cc2)ccc1Oc1ccc(-c2ccc(N(c3ccccc3)c3ccccc3)cc2)cc1,676e86e0101b5be0,23
,,,O=P(c1ccccc1)(c1ccccc1)c1cc(-c2ccc(N(c3ccccc3)c3ccccc3)cc2)ccc1Oc1ccc(-c2ccc(N(c3ccccc3)c3ccccc3)cc2)cc1P(=O)(c1ccccc1)c1ccccc1,ba6cd89f1711c68c,14
,,,O=P(c1ccccc1)(c1ccccc1)c1ccc([Si](c2ccccc2)(c2ccccc2)c2ccc(-n3c4ccccc4c4cc(-n5c6ccccc6c6ccccc65)ccc43)cc2)cc1,1bcff2b3de687b30,22
,,,O=S1(=O)c2ccc(N(c3ccccc3)c3cccc4ccccc34)cc2-c2cc(N(c3ccccc3)c3cccc4ccccc34)ccc21,92d46af7f643eee7,18
,,,O=S1(=O)c2ccc(-c3ccc(N(c4ccccc4)c4ccccc4)s3)cc2-c2cc(-c3ccc(N(c4ccccc4)c4ccccc4)s3)ccc21,6c85de22f98bfe4a,16
,,,O=c1c2ccc(-c3ccc(N(c4ccccc4)c4ccccc4)cc3)cc2sc2cc(-c3ccc(N(c4ccccc4)c4ccccc4)cc3)ccc12,50905477b2b52a74,10
,,,O=c1c2ccc(-c3ccc(N(c4ccccc4)c4ccccc4)cc3)cc2sc2cccc(-c3ccc(N(c4ccccc4)c4ccccc4)cc3)c12,8b940b4195fa337b,12
,,,O=[N+]([O-])c1ccc(-c2ccc(N(c3ccccc3)c3ccc(-c4ccc(N(c5ccccc5)c5ccc(-c6ccc([N+](=O)[O-])cc6)cc5)cc4)cc3)cc2)cc1,ea64a41918805cd5,17
,,,O=S(=O)(c1ccc(-c2ccc(N(c3ccccc3)c3cccc4ccccc34)cc2)cc1)c1ccc(-c2ccc(N(c3ccccc3)c3cccc4ccccc34)cc2)cc1,42bcadd5df513093,23
,,,O=[N+]([O-])c1ccc(/N=N/c2ccc(N(c3ccc(-c4cc(C(F)(F)F)cc(C(F)(F)F)c4)cc3)c3ccc(-c4cc(C(F)(F)F)cc(C(F)(F)F)c4)cc3)cc2)cc1,29c443642c0abcf7,17
,,,O=S(=O)(c1ccccc1)c1ccc(-n2c3ccc(-c4ccc5c(c4)c4ccccc4n5-c4ccccc4)cc3c3cc(-c4ccc5c(c4)c4ccccc4n5-c4ccccc4)ccc32)cc1,44d7705d61b96ab4,25
,,,Oc1ccc(-c2ccccc2-c2ccc3c(-c4cccc(-c5ccccc5)c4)c4ccccc4c(-c4cccc(-c5ccccc5)c4)c3c2)cc1,d1752d748e358d0a,12
,,,Oc1ccc(-c2cccc(-c3c4ccccc4c(-c4cccc(-c5ccc(O)cc5)c4)c4cc(-c5ccccc5-c5ccccc5)ccc34)c2)cc1,fca21a4d92231749,19
,,,c1cc(-c2cc(-n3c4ccccc4c4ccccc43)cc(-n3c4ccccc4c4ccccc43)c2)cc(-n2cnc3ccccc32)c1,fce1bd74e0415c68,13
,,,c1cc(-c2cc(-c3cccc(-n4c5ccccc5c5ccccc54)c3)cc(-c3cccc(-n4c5ccccc5c5ccccc54)c3)c2)cc(-n2c3ccccc3c3ccccc32)c1,8201e984e15aafd7,16
,,,c1cc(-c2ccc(-c3cc(-c4ccc(-c5ccncc5)cc4)cc(-c4cc(-c5ccc(-c6ccncc6)cc5)cc(-c5ccc(-c6ccncc6)cc5)c4)c3)cc2)ccn1,6e1cc63fb3bb2e1f,22
,,,c1cc(-c2ccc(N(c3ccc(-c4ccc(OCC5CO5)cc4)cc3)c3ccc(-c4ccc(OCC5CO5)cc4)cc3)cc2)ccc1OCC1CO1,938329baf4b22165,22
,,,c1cc(-c2cccc(-n3c4ccccc4c4ccccc43)c2)cc(-c2nc(-n3c4ccccc4c4ccccc43)nc(-n3c4ccccc4c4ccccc43)n2)c1,d8eac16503d30ebd,10
"4-[3-[3,5-bis(3-pyridin-4-ylphenyl)phenyl]phenyl]pyridine",DTXSID30738187,921205-05-2,c1cc(-c2ccncc2)cc(-c2cc(-c3cccc(-c4ccncc4)c3)cc(-c3cccc(-c4ccncc4)c3)c2)c1,95159168c79953f7,20
,,,c1cc(-c2cncnc2)cc(-c2cc(-c3cccc(-c4cncnc4)c3)cc(-c3cccc(-c4cncnc4)c3)c2)c1,f1f27ab33bac66a3,20
,,,c1cc(-c2cncnc2)cc(-c2nnc(-c3cccc(-c4cncnc4)c3)c(-c3cccc(-c4cncnc4)c3)n2)c1,9716af1b09bff57e,21
,,,c1cc(-c2ccncc2)cc(-c2cccc(-c3nc(-c4cccc(-c5cccc(-c6ccncc6)c5)c4)nc(-c4cccc(-c5cccc(-c6ccncc6)c5)c4)n3)c2)c1,e6a5791a3977b69d,10
,,,c1cc2c3c(cccc3c1)-c1cc(-c3cc(-c4ccc5c(c4)-c4cccc6cccc-5c46)cc(-c4ccc5c(c4)-c4cccc6cccc-5c46)c3)ccc1-2,25e71ce48ae23ba0,11
,,,c1cc(-c2ccc(N(c3ccc(-c4cccc(-n5c6ccccc6c6ccccc65)c4)cc3)c3ccc(-c4cccc(-n5c6ccccc6c6ccccc65)c4)cc3)cc2)cc(-n2c3ccccc3c3ccccc32)c1,4173d951b9a7b555,22
,,,c1cc(-c2ccc(N(c3ccc(-c4cccc(-c5cccc(-n6c7ccccc7c7ccccc76)c5)c4)cc3)c3ccc(-c4cccc(-c5cccc(-n6c7ccccc7c7ccccc76)c5)c4)cc3)cc2)cc(-c2cccc(-n3c4ccccc4c4ccccc43)c2)c1,615d8b486fd6b73f,9
,,,c1cc(-c2ccncc2)cc(-c2cc(-c3cccc(-c4ccncc4)c3)cc(-c3cc(-c4cccc(-c5ccncc5)c4)cc(-c4cccc(-c5ccncc5)c4)c3)c2)c1,2e4b7d8074a2a3e1,20
,,,c1cc(-n2c3ccccc3c3cc(-c4ccc5oc6ccccc6c5c4)ccc32)cc(-n2c3ccccc3c3cc(-c4ccc5oc6ccccc6c5c4)ccc32)c1,7071975d81554243,20
,,,c1ccc(-c2c(-c3ccccc3)c(-c3ccccc3)c3c(c2-c2ccccc2)-c2cccc4c(N(c5ccccc5)c5ccc6ccc7cccc8ccc5c6c78)ccc-3c24)cc1,9d9659d4a98bbcad,8
,,,c1ccc(-c2cc(-c3cc(-c4cc5ccccc5c5ccccc45)cc(-c4cc5ccccc5c5ccccc45)c3)cc(-c3ccccc3)n2)cc1,efbbfb1450f6b411,13
,,,c1ccc(-c2cc(-c3cc(-c4ccccc4)cc(-n4c5ccccc5c5ccccc54)c3)cc(-n3c4ccccc4c4ccccc43)c2)cc1,13b8310e87163c5a,18
,,,c1ccc(-c2c(-c3ccccc3)c(-c3ccc(N(c4ccccc4)c4cccc5c4sc4ccccc45)cc3)c(-c3ccccc3)c(-c3ccccc3)c2-c2ccc(N(c3ccccc3)c3cccc4c3sc3ccccc34)cc2)cc1,bc14b89d6a7be412,9
,,,c1ccc(-c2cc(-c3ccc(-n4c5ccccc5c5ccccc54)cc3-n3c4ccccc4c4ccccc43)nc(-c3ccccc3)n2)cc1,ae6009980ea9fda9,13
,,,c1ccc(-c2cc(-c3ccc(-c4cc(-c5ccccc5)nc(-c5ccccc5-c5ccccc5)c4)cc3)cc(-c3ccccc3-c3ccccc3)n2)cc1,34173da61c66df36,19
,,,c1ccc(-c2cc(-c3cccc(-c4cc(-c5ccccc5)nc(-c5ccccc5)c4)c3)cc(-c3ccccc3)n2)cc1,2e5ce0b445451c2b,16
,,,c1ccc(-c2cc(-c3ccc(N(c4ccc(-c5cc(-c6ccccc6)c6ccccc6n5)cc4)c4ccc(-c5cc(-c6ccccc6)c6ccccc6n5)cc4)cc3)nc3ccccc23)cc1,27b4195ae0a4614d,12
,,,c1ccc(-c2cc(-c3cccc(-c4cc(-c5ccccc5)nc(-c5cccc6ccccc56)c4)c3)cc(-c3cccc4ccccc34)n2)cc1,a822e2959a5850aa,21
,,,c1ccc(-c2cc(-c3ccc(-c4cccc(-n5c6ccccc6c6ccccc65)c4)cc3)nc(-c3ccc(-c4cccc(-n5c6ccccc6c6ccccc65)c4)cc3)c2)cc1,f3bf671d05a29cd9,23
,,,c1ccc(-c2cc(-c3ccc(-n4c5ccccc5c5c6oc7ccccc7c6ccc54)cc3-n3c4ccccc4c4c5oc6ccccc6c5ccc43)nc(-c3ccccc3)n2)cc1,8686a636e5eb6720,18
,,,c1ccc(-c2cc(-c3cccc(-c4ccc(N(c5ccccc5)c5ccccc5)cc4)c3)nc(-c3cccc(-c4ccc(-n5c6ccccc6c6ccccc65)cc4)c3)c2)cc1,0b46a5d98ce6b274,13
,,,c1ccc(-c2cc(-c3ccc(-c4ccc(N(c5ccccc5)c5ccccc5)cc4)cc3)nc3c2ccc2c(-c4ccccc4)cc(-c4ccc(-c5ccc(N(c6ccccc6)c6ccccc6)cc5)cc4)nc23)cc1,de1339dc8c44ee63,17
,,,c1ccc(-c2cc(-c3ccccc3)cc(-c3c4ccccc4c(-c4ccc5ccc6c(-c7cc(-c8ccccc8)cc(-c8ccccc8)c7)ccc7ccc4c5c76)c4ccccc34)c2)cc1,95bfc34ebecd13fb,12
,,,c1ccc(-c2cc(-c3ccccc3)cc(-n3nc4cc(-c5cccc(-c6ccccn6)n5)cc(-c5cccc(-c6ccccn6)n5)c4n3)c2)cc1,9ec0d4e23bc653b9,15
,,,c1ccc(-c2c(-c3ccccc3)c(-c3ccccc3)c(-c3ccc(N(c4ccccc4)c4ccc(-c5ccc(N(c6ccccc6)c6ccc(-c7c(-c8ccccc8)c(-c8ccccc8)c(-c8ccccc8)c(-c8ccccc8)c7-c7ccccc7)cc6)cc5)cc4)cc3)c(-c3ccccc3)c2-c2ccccc2)cc1,5a6adba1c475657a,10
,,,c1ccc(-c2cc(-c3ccccc3)cc(-c3c4ccccc4c(-c4cc(-c5ccccc5)cc(-c5ccccc5)c4)c4cc(-c5ccccc5-c5ccccc5)ccc34)c2)cc1,6d76213f96a52b6f,17
,,,c1ccc(-c2cc(-c3ccccc3)nc(-n3c4ccccc4c4ccc5c6ccccc6n(-c6cccc(-c7cccc8c7oc7ccccc78)c6)c5c43)n2)cc1,06742b9d4f5187ea,11
,,,c1ccc(-c2cc(-c3ccccc3)cc(-c3cccc4c(-c5cc(-c6ccccc6)cc(-c6ccccc6)c5)c5cccc(-c6cc(-c7ccccc7)cc(-c7ccccc7)c6)c5cc34)c2)cc1,74192dbd0065915f,15
,,,c1ccc(-c2cc(-c3nnc(-c4ccc(-c5nnc(-c6ccc(N(c7ccccc7)c7ccccc7)cc6)o5)cc4)o3)c3ccccc3n2)cc1,31df513139ba85cf,18
,,,c1ccc(-c2cc(-c3nnc(-c4ccc(-c5nnc(-c6ccc(-c7nnc(-c8ccc(N(c9ccccc9)c9ccccc9)cc8)o7)cc6)o5)cc4)o3)c3ccccc3n2)cc1,ee5a56dc9bb6cfbc,17
,,,c1ccc(-c2cc(N(c3ccc(N(c4ccccc4)c4ccccc4)cc3)c3ccc(N(c4ccccc4)c4ccccc4)cc3)c(-c3ccccc3)c3nsnc23)cc1,c56cb5ea84cf838d,16
,,,c1ccc(-c2ccc(-c3cc(-c4ccccc4)nc(-c4cccc(-c5cc(-n6c7ccccc7c7ccccc76)ccc5-n5c6ccccc6c6ccccc65)c4)c3)cc2)cc1,8e725d741786f0a7,8
,,,c1ccc(-c2cc3ccccc3n2-c2ccc(-c3cc(-n4c5ccccc5c5ccccc54)c(-c4ccc(-n5c(-c6ccccc6)cc6ccccc65)cc4)cc3-n3c4ccccc4c4ccccc43)cc2)cc1,2a8d4689753100ee,15
,,,c1ccc(-c2cc3ccccc3n2-c2ccc(-c3cc(-c4ccc(-n5c6ccccc6c6ccccc65)cc4)cc(-c4ccc(-n5c6ccccc6c6ccccc65)cc4)c3)cc2)cc1,7cc07f1dfa88eb53,22
,,,c1ccc(-c2ccc(-c3ccc(-n4c5ccc(-c6ccc(-c7ccccc7)cc6)cc5c5cc(-c6ccc(-c7ccccc7)cc6)ccc54)cc3)cc2)cc1,dbb1a16223767bf3,24
,,,c1ccc(-c2cc(-c3ccccc3)cc(-c3ccc(N(c4ccccc4)c4ccc(-c5ccc(N(c6ccccc6)c6ccc(-c7cc(-c8ccccc8)cc(-c8ccccc8)c7)cc6)cc5)cc4)cc3)c2)cc1,5a974bebdae91678,24
,,,c1ccc(-c2cc3ccccc3n2-c2ccc(-c3cc(-c4ccc(-n5c(-c6ccccc6)cc6ccccc65)cc4)cc(-c4ccc(-n5c6ccccc6c6ccccc65)cc4)c3)cc2)cc1,e94b1c6c1fd3e7bd,24
,,,c1ccc(-c2ccc(-c3ccc4c(c3)C(c3ccc(-c5ccccc5)cc3)(c3ccc(-c5ccccc5)cc3)c3cc(-c5ccc(-c6ccccc6)cc5)ccc3-4)cc2)cc1,c4870fbf1c8a8e2d,21
,,,c1ccc(-c2cc(-c3ccccc3)cc(-c3ccc(N(c4ccc(-c5ccc(N(c6ccc(-c7cc(-c8ccccc8)cc(-c8ccccc8)c7)cc6)c6cccc7ccccc67)cc5)cc4)c4cccc5ccccc45)cc3)c2)cc1,7e328e6b6a535c0e,25
,,,c1ccc(-c2ccc(-c3cccc(-c4c5ccccc5c(-c5cccc(-c6ccc(-c7ccccc7)cc6)c5)c5cc(-c6ccccc6-c6ccccc6)ccc45)c3)cc2)cc1,b335dc519084e604,17
,,,c1ccc(-c2ccc(-n3c4ccccc4c4cc(N(c5ccccc5)c5ccc6c(c5)c5ccccc5n6-c5ccc(-c6ccccc6)cc5)ccc43)cc2)cc1,85f94d5e1fe33d62,19
,,,c1ccc(-c2ccc(-c3ccc4c(c3)C(c3ccc(N(c5ccccc5)c5ccccc5)cc3)(c3ccc(N(c5ccccc5)c5ccccc5)cc3)c3cc(-c5ccc(-c6ccccc6)cc5)ccc3-4)cc2)cc1,7bde24db5d8b7205,20
,,,c1ccc(-c2cc(-c3ccccc3)cc(-c3ccc(N(c4ccc(-c5ccc(N(c6ccc(-c7cc(-c8ccccc8)cc(-c8ccccc8)c7)cc6)c6cc7ccccc7c7ccccc67)cc5)cc4)c4cc5ccccc5c5ccccc45)cc3)c2)cc1,4d0cf615175a052f,25
,,,c1ccc(-c2ccc(C3(c4ccc(-c5ccccc5)cc4)c4cc(-c5ccc(-c6ccccn6)cc5)ccc4-c4ccc(-c5ccc(-c6ccccn6)cc5)cc43)cc2)cc1,6c6a7f539f3399d4,23
,,,c1ccc(-c2ccc(C3(c4ccc(-c5ccccc5)cc4)c4cc(-c5ccc(-c6cccnc6)nc5)ccc4-c4ccc(-c5ccc(-c6cccnc6)nc5)cc43)cc2)cc1,6ae6a062d47eee4b,25
,,,c1ccc(-c2ccc(-c3ccc4c(c3)C(c3ccc(-c5ccc(N(c6ccccc6)c6ccccc6)cc5)cc3)(c3ccc(-c5ccc(N(c6ccccc6)c6ccccc6)cc5)cc3)c3cc(-c5ccc(-c6ccccc6)cc5)ccc3-4)cc2)cc1,8d2a0e8fa515dce2,25
,,,c1ccc(-c2ccc(C3(c4ccc(-c5ccccc5)cc4)c4cc(N(c5ccccc5)c5ccc(N(c6ccccc6)c6ccccc6)cc5)ccc4-c4ccc(N(c5ccccc5)c5ccc(N(c6ccccc6)c6ccccc6)cc5)cc43)cc2)cc1,97fdb7fcf1a7617c,7
,,,c1ccc(-c2ccc(C3(c4ccc(-c5ccccc5)cc4)c4cc(-c5ccc(N(c6ccccc6)c6ccccc6)cc5)ccc4-c4ccc(-c5ccc(N(c6ccccc6)c6ccccc6)cc5)cc43)cc2)cc1,feb3f5c2308ad2b7,21
,,,c1ccc(-c2ccc(C3(c4ccc(-c5ccccc5)cc4)c4cc(N(c5ccccc5)c5cccc6ccccc56)ccc4-c4ccc(N(c5ccccc5)c5cccc6ccccc56)cc43)cc2)cc1,537ae40aab6e30b5,20
"n~4~,n~4~,n~4'~,n~4'~-tetra([1,1'-biphenyl]-4-yl)[1,1'-biphenyl]-4,4'-diamine",DTXSID80583220,164724-35-0,c1ccc(-c2ccc(N(c3ccc(-c4ccccc4)cc3)c3ccc(-c4ccc(N(c5ccc(-c6ccccc6)cc5)c5ccc(-c6ccccc6)cc5)cc4)cc3)cc2)cc1,a3e1b2cf01b14bba,18
,,,c1ccc(-c2ccc(N(c3ccccc3)c3ccc(-c4ccc(N(c5ccccc5)c5ccc(-c6ccccc6)cc5)cc4)cc3)cc2)cc1,280316898c0ab891,18
,,,c1ccc(-c2ccc(C3(c4ccc(-c5ccccc5)cc4)c4cc(-c5ccc(-c6ccc(N(c7ccccc7)c7ccccc7)cc6)cc5)ccc4-c4ccc(-c5ccc(-c6ccc(N(c7ccccc7)c7ccccc7)cc6)cc5)cc43)cc2)cc1,a58c8627ff039fab,24
,,,c1ccc(-c2ccc(N(c3ccc(-c4ccc(-c5ccc(N(c6ccccc6)c6ccccc6)cc5)cc4)cc3)c3ccc(-c4ccc(-c5ccc(N(c6ccccc6)c6ccccc6)cc5)cc4)cc3)cc2)cc1,f7e327af90a20bea,23
,,,c1ccc(-c2ccc3c(c2)c2ccccc2n3-c2ccc(-c3cc(-c4ccccc4)nc(-c4ccccc4)n3)cc2)cc1,8b7dab0e56705e46,16
,,,c1ccc(-c2ccc(N(c3ccc(-c4ccc(N(c5ccc(-c6ccccc6)cc5)c5ccc6c(c5)c5ccccc5n6-c5ccccc5)cc4)cc3)c3ccc4c(c3)c3ccccc3n4-c3ccccc3)cc2)cc1,dc68610f4dfe5cd8,25
,,,c1ccc(-c2cccc(-c3cc(-c4cccc(-c5ccccn5)n4)cc(-c4cccc(-c5cccc(-c6ccccn6)n5)n4)c3)n2)nc1,e8719ed979346ee7,13
"2-[3-[3,5-bis(3-pyridin-2-ylphenyl)phenyl]phenyl]pyridine",DTXSID90732065,921205-08-5,c1ccc(-c2cccc(-c3cc(-c4cccc(-c5ccccn5)c4)cc(-c4cccc(-c5ccccn5)c4)c3)c2)nc1,24c8f3fb0e3fc6e8,25
,,,c1ccc(-c2ccc(N(c3ccc(-c4ccc(-c5ccc(N(c6ccccc6)c6cccc7ccccc67)cc5)cc4)cc3)c3ccc(-c4ccc(-c5ccc(N(c6ccccc6)c6cccc7ccccc67)cc5)cc4)cc3)cc2)cc1,ee7e3aef4f3c8bba,25
,,,c1ccc(-c2cccc(-c3nc(-c4cccc(-c5ccccn5)c4)nc(-c4cccc(-c5ccccn5)c4)n3)c2)nc1,6a1427ca8007152e,22
,,,c1ccc(-c2ccc(N(c3ccc(-c4ccc(N(c5ccc(-c6ccccc6)cc5)c5ccc(-c6cc(-c7ccccc7)cc(-c7ccccc7)c6)cc5)cc4)cc3)c3ccc(-c4cc(-c5ccccc5)cc(-c5ccccc5)c4)cc3)cc2)cc1,1caff1562c5c2d6b,24
,,,c1ccc(-c2ccccc2-c2ccc3c(-c4cccc(-c5cccc6ccccc56)c4)c4ccccc4c(-c4ccccc4-c4cccc5ccccc45)c3c2)cc1,024b76ae2fb6fc1a,9
,,,c1ccc(-c2ccc(N(c3ccc(-c4ccccc4)cc3)c3ccc(-c4ccc(-c5ccc(N(c6ccccc6)c6ccc(-c7ccc(-c8ccc(N(c9ccc(-c%10ccccc%10)cc9)c9ccc(-c%10ccccc%10)cc9)cc8)cc7)cc6)cc5)cc4)cc3)cc2)cc1,82b447ada485627f,21
,,,c1ccc(-c2cnc(-c3cccc(N(c4ccccc4)c4ccc(N(c5ccccc5)c5cccc6ccccc56)c5ccccc45)c3)o2)cc1,0b01d24b2c857cff,17
,,,c1ccc(-c2ccccc2-c2ccc3c(c2)c2cc(-c4ccccc4-c4ccccc4)ccc2n3-c2ccc(-c3c4ccccc4c(-c4ccccc4)c4ccccc34)cc2)cc1,1241434a896c93bc,14
,,,c1ccc(-c2ccc(N(c3ccccc3)c3ccc(-c4ccc(-c5ccc(N(c6ccccc6)c6ccc(-c7ccc(N(c8ccccc8)c8ccc(-c9ccccc9)cc8)cc7)cc6)cc5)cc4)cc3)cc2)cc1,941d53ab32be40f8,25
,,,c1ccc(-c2ccc(N(c3ccccc3)c3ccc(-c4ccc(-c5ccc(N(c6ccccc6)c6ccc(-c7ccc(-c8ccc(N(c9ccccc9)c9ccc(-c%10ccccc%10)cc9)cc8)cc7)cc6)cc5)cc4)cc3)cc2)cc1,3780461112c27d29,23
,,,c1ccc(-c2nc(-c3ccccc3)nc(-c3ccc(-n4c5ccccc5c5c6c(c7ccccc7n6-c6ccccc6)c6c(c7ccccc7n6-c6ccccc6)c54)cc3)n2)cc1,5fb50e173c7b2d2d,8
,,,c1ccc(-c2nc(-c3ccccc3)nc(-c3ccc(-n4c5ccccc5c5c6c(c7ccccc7n6-c6ccccc6)c6c(c7ccccc7n6-c6ccc(-c7nc(-c8ccccc8)nc(-c8ccccc8)n7)cc6)c54)cc3)n2)cc1,6e45c7e8d67d80ff,7
,,,c1ccc(-c2nc(-c3ccccc3)nc(-c3cc4oc5ccccc5c4cc3-n3c4ccccc4c4cc(-c5ccc6c(c5)c5ccccc5n6-c5ccccc5)ccc43)n2)cc1,1822a871d1a3a73d,15
,,,c1ccc(-c2nc(-c3ccccc3)nc(-n3c4ccccc4c4cc(-c5ccc6c(c5)c5ccccc5n6-c5ccccc5)ccc43)n2)cc1,404763cd8c7f8585,14
,,,c1ccc(-c2nc(-c3ccccc3)nc(-c3cc4c(cc3-n3c5ccccc5c5cc(-c6ccc7c(c6)c6ccccc6n7-c6ccccc6)ccc53)oc3ccccc34)n2)cc1,593a5c9818f45d1b,18
,,,c1ccc(-c2nc(-c3ccccc3)nc(-n3c4ccccc4c4ccc5c6ccccc6n(-c6cccc(-c7cccc8c7oc7ccccc78)c6)c5c43)n2)cc1,f4c8d0485208d24a,9
,,,c1ccc(-c2nc3cc4ccccc4cc3nc2-c2ccc3c(c2)Oc2cc(-c4nc5cc6ccccc6cc5nc4-c4ccccc4)ccc2N3c2ccccc2)cc1,2c5f1e0a5d4ce724,8
,,,c1ccc(-c2nc3c4ccccc4c4ccccc4c3n2-c2ccc(-c3ccc(-n4c(-c5ccccc5)nc5c6ccccc6c6ccccc6c54)cc3)cc2)cc1,e2f444ef89394753,11
,,,c1ccc(-c2nc3c(-c4ccc(-n5c6ccccc6c6ccccc65)cc4)ccc(-c4ccc(-n5c6ccccc6c6ccccc65)cc4)c3nc2-c2ccccc2)cc1,22a528d264c08318,14
,,,c1ccc(-c2nc3ccccc3nc2-c2ccc3c(c2)c2cc(-c4nc5ccccc5nc4-c4ccccc4)ccc2n3-c2ccccc2)cc1,c3829d14c784938d,16
,,,c1ccc(-c2nc3ccccc3n2-c2ccc(-c3ccc4c(c3)c3ccccc3n4-c3cccc(-n4c5ccccc5c5ccccc54)c3)cc2)cc1,efbfe9f3a4578913,19
,,,c1ccc(-c2nnc(-c3ccc(N(c4ccccc4)c4ccc(N(c5ccccc5)c5cccc6ccccc56)c5ccccc45)cc3)o2)cc1,ccb98ec2359259e1,22
,,,c1ccc(-n2c(-c3ccc(-c4ccc(-c5nc6c7ccccc7c7ccccc7c6n5-c5ccccc5)cc4)cc3)nc3c4ccccc4c4ccccc4c32)cc1,d8dbacded61a7757,10
,,,c1ccc(-n2c(-c3cc(-c4ccc5c(c4)c4ccccc4n5-c4ccccc4)cc(-c4nc5ccccc5n4-c4ccccc4)c3)nc3ccccc32)cc1,4bd05f17f11203e1,15
,,,c1ccc(-n2c(-c3cc(-c4cccc(-n5c6ccccc6c6ccccc65)c4)cc(-c4cccc(-n5c6ccccc6c6ccccc65)c4)c3)nc3ccccc32)cc1,e004780c9ca916e8,11
,,,c1ccc(-n2c(-c3cc(-c4ccc(-n5c6ccccc6c6ccccc65)cc4)cc(-c4ccc(-n5c6ccccc6c6ccccc65)cc4)c3)nc3ccccc32)cc1,dc05699f984f8fc0,18
,,,c1ccc(-n2c(-c3ccc(-c4ccc5c(c4)c4ccccc4n5-c4cccc(-n5c6ccccc6c6ccccc65)c4)cc3)nc3ccccc32)cc1,150e19b8ceff8454,19
,,,c1ccc(-n2c(-c3ccc(-n4c(-c5ccc(-n6c7ccccc7c7ccccc76)cc5)nc5c6ccccc6c6ccccc6c54)cc3)nc3c4ccccc4c4ccccc4c32)cc1,5e08bac9ef7650f9,8
,,,c1ccc(-n2c(-c3cccc(-c4ccc5c(c4)c4ccccc4n5-c4ccccc4)c3)nc3ccccc32)cc1,c6cf3e3d4f18f0a8,18
,,,c1ccc(-n2c(-c3ccc(-c4cccc(-c5nc6c7ccccc7c7ccccc7c6n5-c5ccccc5)c4)cc3)nc3c4ccccc4c4ccccc4c32)cc1,2ffeff24fccb9ee2,15
,,,c1ccc(-n2c(-c3cc(-c4cc(-c5cc(-c6nc7ccccc7n6-c6ccccc6)cc(-c6nc7ccccc7n6-c6ccccc6)c5)cc(-n5c6ccccc6c6ccccc65)c4)cc(-c4nc5ccccc5n4-c4ccccc4)c3)nc3ccccc32)cc1,81675db5be9419ac,5
,,,c1ccc(-n2c(-c3ccc(-c4ccc5c(c4)c4cc(-c6ccc(-c7nc8ccccc8n7-c7ccccc7)cc6)ccc4n5-c4ccccc4)cc3)nc3ccccc32)cc1,f79f6a98ad04ef76,23
,,,c1ccc(-n2c3ccccc3c3cc(-c4cc(-c5ccc6c(c5)c5ccccc5n6-c5ccccc5)ncn4)ccc32)cc1,1e97e4968052fc35,16
,,,c1ccc(-n2c3ccccc3c3cc(-c4cc5c6ccccc6c(-c6ccc7c(c6)c6ccccc6n7-c6ccccc6)cc5c5ccccc45)ccc32)cc1,eba83b89cc05b0a8,10
,,,c1ccc(-n2c3ccccc3c3cc(-c4ccc5nc(-c6ccc(-n7c8ccccc8c8ccccc87)cc6)nn5c4)ccc32)cc1,30a6f3970d4e3fc2,14
,,,c1ccc(-n2c(-c3ccc(-n4c5ccccc5c5cc(-c6nc7c8ccccc8c8ccccc8c7n6-c6ccccc6)ccc54)cc3)nc3c4ccccc4c4ccccc4c32)cc1,bf021e47e4686fe1,19
,,,c1ccc(-n2c3ccccc3c3cc(-c4cccc(-n5c6ccccc6c6c7sc8ccccc8c7ccc65)c4)ccc32)cc1,bd4cb2c94b1d046b,18
,,,c1ccc(-n2c3ccccc3c3cc(-c4cccc(-c5ccc6c7ccccc7c7ccccc7c6c5)c4)ccc32)cc1,f5ac10fc192e798e,19
,,,c1ccc(-n2c3ccccc3c3cc(-c4cccc(-n5c6cccnc6c6c7sc8ccccc8c7ccc65)c4)ccc32)cc1,7b06a0ba92a2197b,16
,,,c1ccc(-n2c3ccc(-c4cc(-c5cccnc5)cc(-c5cccnc5)c4)cc3c3cc(-c4cc(-c5cccnc5)cc(-c5cccnc5)c4)ccc32)cc1,14a565bd912b8934,24
,,,c1ccc(-n2c(-c3ccc([Si](c4ccccc4)(c4ccccc4)c4ccc(-c5nc6c7ccccc7c7ccccc7c6n5-c5ccccc5)cc4)cc3)nc3c4ccccc4c4ccccc4c32)cc1,a0644f967299f666,20
,,,c1ccc(-n2c3ccccc3c3ccc(-c4cc(-c5ccc6c7ccccc7n(-c7ccccc7)c6c5)ncn4)cc32)cc1,48ed50429b09d887,17
,,,c1ccc(-n2c3ccccc3c3ccc(-c4cncc(-c5ccc6c7ccccc7n(-c7ccccc7)c6c5)n4)cc32)cc1,184b5c6a73d6d71d,15
,,,c1ccc(-n2c(-c3cccc(-c4ccc(N(c5ccc(-c6cccc(-c7nc8ccccc8n7-c7ccccc7)c6)cc5)c5ccc(-c6cccc(-c7nc8ccccc8n7-c7ccccc7)c6)cc5)cc4)c3)nc3ccccc32)cc1,8b904ad912ce7886,14
,,,c1ccc(-n2cnc3ccccc32)c(-c2cc(-n3c4ccccc4c4ccccc43)cc(-n3c4ccccc4c4ccccc43)c2)c1,33eca6829e7c1517,13
,,,c1ccc(-n2c(-c3ccc(N(c4ccc(-c5nc6c7ccccc7c7ccccc7c6n5-c5ccccc5)cc4)c4ccc(-c5nc6c7ccccc7c7ccccc7c6n5-c5ccccc5)cc4)cc3)nc3c4ccccc4c4ccccc4c32)cc1,08cbec655a938e7b,15
,,,c1ccc(/N=N/c2ccc(N(c3ccc(/N=N/c4ccccc4)cc3)c3ccc(N(c4ccccc4)c4ccccc4)cc3)cc2)cc1,223dd1724acf748c,15
,,,c1ccc(/N=N/c2ccc(N(c3ccccc3)c3ccc(N(c4ccccc4)c4ccc(/N=N/c5ccccc5)cc4)cc3)cc2)cc1,a746cd7ad599f4f0,14
,,,c1ccc(-n2c3ccccc3c3cc(C4(c5ccc6c(c5)c5ccccc5n6-c5ccccc5)c5cc(-c6cccc7cccnc67)ccc5-c5ccc(-c6cccc7cccnc67)cc54)ccc32)cc1,628459526749b530,22
,,,c1ccc(C(=C(c2ccccc2)c2ccc(-c3ccccc3-c3nnc(-c4ccccc4-c4ccc(C(=C(c5ccccc5)c5ccccc5)c5ccccc5)cc4)o3)cc2)c2ccccc2)cc1,fed2e72366fda86a,7
,,,c1ccc(C(=C(c2ccccc2)c2ccc(-c3ccc(C(=C(c4ccccc4)c4ccccc4)c4ccccc4)cc3-c3ccccc3)c(-c3ccccc3)c2)c2ccccc2)cc1,773d37418c493081,13
,,,c1ccc(C(=C(c2cccc(-c3ccc(N(c4ccccc4)c4ccccc4)cc3)c2)c2cccc(-c3ccc(N(c4ccccc4)c4ccccc4)cc3)c2)c2ccccc2)cc1,ac4911ff5ce04286,20
,,,c1ccc(C(=C(c2ccccc2)c2ccc([Si](c3ccccc3)(c3ccccc3)c3ccc(C(=C(c4ccccc4)c4ccccc4)c4ccccc4)cc3)cc2)c2ccccc2)cc1,8e393e9794b294da,20
,,,c1ccc(/N=N/c2ccc(N(c3ccccc3)c3ccc(N(c4ccc(N(c5ccccc5)c5ccc(/N=N/c6ccccc6)cc5)cc4)c4ccc(N(c5ccccc5)c5ccc(/N=N/c6ccccc6)cc5)cc4)cc3)cc2)cc1,6cea2f1f62e3b0ff,13
,,,c1ccc(C(=C(c2ccccc2)c2ccc(-c3ccc4c(c3)c3cc(-c5ccc(C(=C(c6ccccc6)c6ccccc6)c6ccccc6)cc5)ccc3n4-c3ccccc3)cc2)c2ccccc2)cc1,f7d70730731bb0b2,20
,,,c1ccc(N(c2cc(N(c3ccccc3)c3ccc4c(c3)c3ccccc3n4-c3ccccc3)cc(N(c3ccccc3)c3ccc4c(c3)c3ccccc3n4-c3ccccc3)c2)c2ccc3c(c2)c2ccccc2n3-c2ccccc2)cc1,da9a7447d72748a3,4
,,,c1ccc(C(=C(c2ccccc2)c2ccc([Si](c3ccccc3)(c3ccc(C(=C(c4ccccc4)c4ccccc4)c4ccccc4)cc3)c3ccc(C(=C(c4ccccc4)c4ccccc4)c4ccccc4)cc3)cc2)c2ccccc2)cc1,285f972a55f63e91,17
,,,c1ccc(C2(c3ccccc3)c3ccccc3-c3ccc(-c4ccc5c(c4)C(c4ccccc4)(c4ccccc4)c4cc(-c6ccc7c(c6)C(c6ccccc6)(c6ccccc6)c6ccccc6-7)ccc4-5)cc32)cc1,bebb9231d1fcc5df,21
,,,c1ccc(N(c2ccc(-c3ccc(-c4cc5ccccc5s4)cc3)cc2)c2ccc(-c3ccc(-c4cc5ccccc5s4)cc3)cc2)cc1,d3c5e65d861508a9,21
,,,c1ccc(N(c2cc(-c3cc(N(c4ccccc4)c4ccc5ccccc5c4)cc(N(c4ccccc4)c4ccc5ccccc5c4)c3)cc(N(c3ccccc3)c3ccc4ccccc4c3)c2)c2ccc3ccccc3c2)cc1,c755786a90952850,11
,,,c1ccc(N(c2ccc(-c3c4ccccc4c4c5c(cccc35)-c3cc(N(c5ccccc5)c5cccc6ccccc56)ccc3-4)cc2)c2cccc3ccccc23)cc1,b91ec379e947fea5,23
,,,c1ccc(N(c2ccc(-c3c4c(c(-c5ccc(N(c6ccccc6)c6cccc7ccccc67)cc5)c5nsnc35)N=S=N4)cc2)c2cccc3ccccc23)cc1,2351533963d247d2,20
,,,c1ccc(N(c2ccc(-c3ccc(N(c4ccccc4)c4ccc(-n5c6ccccc6c6ccccc65)cc4)cc3)cc2)c2ccc(-n3c4ccccc4c4ccccc43)cc2)cc1,3ebc8c66400a0139,17
,,,c1ccc(N(c2ccc(-c3ccc(-c4ccc(N(c5ccccc5)c5cccc6ccccc56)cc4)cc3)cc2)c2ccc(N(c3ccccc3)c3cccc4ccccc34)cc2)cc1,bf58412135e7189a,23
,,,c1ccc(N(c2ccc(-c3ccc(-c4ccc(N(c5ccccc5)c5cccc6ccccc56)cc4)cc3)cc2)c2ccc(-c3ccc(N(c4ccccc4)c4cccc5ccccc45)cc3)cc2)cc1,50656a505eac9500,24
,,,c1ccc(N(c2ccc(-c3ccc(-c4ccc(N(c5ccccc5)c5ccc6ccccc6c5)cc4)cc3)cc2)c2ccc(-c3ccc(-c4ccc(N(c5ccccc5)c5ccc6ccccc6c5)cc4)cc3)cc2)cc1,34573413a492bda8,25
,,,c1ccc(N(c2ccc(-c3ccc(-c4ccc(N(c5ccccc5)c5cccc6ccccc56)cc4)cc3)cc2)c2ccc(-c3ccc(-c4ccc(N(c5ccccc5)c5cccc6ccccc56)cc4)cc3)cc2)cc1,2b7f8f654f387665,24
,,,c1ccc(N(c2ccc(-c3ccc(C4(c5ccc(-c6ccc(N(c7ccccc7)c7cccc8ccccc78)cc6)cc5)c5ccccc5-c5ccccc54)cc3)cc2)c2cccc3ccccc23)cc1,d8510a1ba0a98002,24
"n~4~,n~4'~-di(naphthalen-1-yl)-n~4~,n~4'~-diphenyl[1,1'-biphenyl]-4,4'-diamine",DTXSID20408009,123847-85-8,c1ccc(N(c2ccc(-c3ccc(N(c4ccccc4)c4cccc5ccccc45)cc3)cc2)c2cccc3ccccc23)cc1,fe9efa85a67c6201,21
,,,c1ccc(N(c2ccc(-c3ccc(N(c4ccccc4)c4ccc5cc(-c6ccc7ccccc7c6)ccc5c4)cc3)cc2)c2ccc3cc(-c4ccc5ccccc5c4)ccc3c2)cc1,6bc47519af50ecc2,21
,,,c1ccc(N(c2ccc(-c3ccc(-c4ccc(N(c5ccc(-c6ccc(-c7ccc(N(c8ccccc8)c8cccc9ccccc89)cc7)cc6)cc5)c5cccc6ccccc56)cc4)cc3)cc2)c2cccc3ccccc23)cc1,c90e9f09141b7d20,25
"n~4~,n~4'~-diphenyl-n~4~,n~4'~-bis(9-phenyl-9h-carbazol-3-yl)[1,1'-biphenyl]-4,4'-diamine",DTXSID60723041,887402-92-8,c1ccc(N(c2ccc(-c3ccc(N(c4ccccc4)c4ccc5c(c4)c4ccccc4n5-c4ccccc4)cc3)cc2)c2ccc3c(c2)c2ccccc2n3-c2ccccc2)cc1,d6a554c607cea160,23
"n~4~,n~4'~-bis{4-[(naphthalen-1-yl)(phenyl)amino]phenyl}-n~4~,n~4'~-diphenyl[1,1'-biphenyl]-4,4'-diamine",DTXSID90629148,209980-47-2,c1ccc(N(c2ccc(-c3ccc(N(c4ccccc4)c4ccc(N(c5ccccc5)c5cccc6ccccc56)cc4)cc3)cc2)c2ccc(N(c3ccccc3)c3cccc4ccccc34)cc2)cc1,bebc0717ccc16a9b,23
,,,c1ccc(N(c2ccc(-c3ccc([Si](c4ccccc4)(c4ccccc4)c4ccccc4)cc3)cc2)c2ccc3c(c2)c2ccccc2n3-c2ccccc2)cc1,ee9f1f8eb8a0d8cd,21
,,,c1ccc(N(c2ccc(-c3ccc(N(c4ccccc4)c4cccc5ccccc45)cc3)cc2)c2ccc(-c3ccc(N(c4ccccc4)c4cccc5ccccc45)cc3)cc2)cc1,c192343a15ac2f53,24
,,,c1ccc(N(c2ccc(-c3cccc(N(c4ccccc4)c4ccc5ccccc5c4)c3)cc2)c2ccc3ccccc3c2)cc1,95e3ee00b4061d33,25
,,,c1ccc(N(c2ccc(-c3cccc(N(c4ccccc4)c4cccc5ccccc45)c3)cc2)c2cccc3ccccc23)cc1,7e3cb00e2f48df7e,24
,,,c1ccc(N(c2ccc(-c3ccc(N(c4ccccc4)c4ccc(-c5ccc(N(c6ccccc6)c6cccc7ccccc67)cc5)cc4)cc3)cc2)c2ccc(-c3ccc(N(c4ccccc4)c4cccc5ccccc45)cc3)cc2)cc1,a2f7f25d3fd92721,23
,,,c1ccc(N(c2ccc(-c3nc4c5ccccc5c5ccccc5c4n3-c3ccccc3)cc2)c2ccc(-c3nc4c5ccccc5c5ccccc5c4n3-c3ccccc3)cc2)cc1,923120156619e1b2,15
"n~2~,n~7~-di(naphthalen-1-yl)-n~2~,n~7~-diphenyl-9h-fluorene-2,7-diamine",DTXSID80729040,273381-61-6,c1ccc(N(c2ccc3c(c2)Cc2cc(N(c4ccccc4)c4cccc5ccccc45)ccc2-3)c2cccc3ccccc23)cc1,74db7a90e03c1e53,18
,,,c1ccc(N(c2ccc3c(c2)[nH]c2cc(N(c4ccccc4)c4cccc5ccccc45)ccc23)c2cccc3ccccc23)cc1,f7ad6e938299af10,19
,,,c1ccc(N(c2ccc3c(c2)c2cc(N(c4ccccc4)c4ccc5ccc6cccc7ccc4c5c67)ccc2n3-c2ccccc2)c2ccc3ccc4cccc5ccc2c3c45)cc1,504a490d61ce10b3,10
"n,9-diphenyl-n-(9-phenyl-9h-carbazol-3-yl)-9h-carbazol-3-amine",DTXSID60733049,873793-58-9,c1ccc(N(c2ccc3c(c2)c2ccccc2n3-c2ccccc2)c2ccc3c(c2)c2ccccc2n3-c2ccccc2)cc1,8155f4a7ebe4eb2d,16
,,,c1ccc(N(c2ccc3c(c2)[nH]c2cc(N(c4ccccc4)c4ccc5ccc6cccc7ccc4c5c67)ccc23)c2ccc3ccc4cccc5ccc2c3c45)cc1,f7d25adcd7258393,19
,,,c1ccc(N(c2ccc3c(c2)c2ccccc2n3-c2ccccc2)c2ccc3c(c2)c2cc(N(c4ccccc4)c4ccc5c(c4)c4ccccc4n5-c4ccccc4)ccc2n3-c2ccccc2)cc1,13bcdef4d30aea22,8
,,,c1ccc(N(c2ccc(N(c3ccc4c(c3)C3(Cc5ccccc5C3)c3cc(N(c5ccc(N(c6ccccc6)c6ccc7ccccc7c6)cc5)c5cccc6ccccc56)ccc3-4)c3cccc4ccccc34)cc2)c2ccc3ccccc3c2)cc1,bc4a0b2329241c56,8
,,,c1ccc(N(c2ccc3ccccc3c2)c2c3ccccc3c(-c3c4ccccc4c(N(c4ccccc4)c4ccc5ccccc5c4)c4ccccc34)c3ccccc23)cc1,f93f8f556cd14c90,12
,,,c1ccc(N(c2ccc(N(c3ccc(-n4c5ccccc5c5ccccc54)cc3)c3ccc4c(c3)c3ccccc3n4-c3ccccc3)cc2)c2ccc3c(c2)c2ccccc2n3-c2ccccc2)cc1,ec1a336c788d79b7,22
,,,c1ccc(N(c2ccc3c(c2)c2cc(-n4c5ccccc5c5ccccc54)ccc2n3-c2ccccc2)c2ccc3c(c2)c2cc(-n4c5ccccc5c5ccccc54)ccc2n3-c2ccccc2)cc1,24b849ab211ac77c,19
,,,c1ccc(N(c2ccc3c(c2)c2cc(N(c4ccccc4)c4cccc5ccccc45)ccc2c2c3nc(-c3cccc4ccccc34)n2-c2ccccc2)c2cccc3ccccc23)cc1,b8374fcc7cacb953,19
,,,c1ccc(N(c2cccc3ccccc23)c2c3ccccc3c(-c3c4ccccc4c(N(c4ccccc4)c4cccc5ccccc45)c4ccccc34)c3ccccc23)cc1,af2e4c25b81dab23,11
,,,c1ccc(N(c2ccccc2)c2cc(-c3cc(-n4c5ccccc5c5ccccc54)cc(-n4c5ccccc5c5ccccc54)c3)cc(-n3c4ccccc4c4ccccc43)c2)cc1,a633908340045e2a,13
,,,c1ccc(N(c2ccc3c4ccc(N(c5ccccc5)c5cccc6ccccc56)cc4c4c(nc(-c5cccc6ccccc56)n4-c4ccccc4)c3c2)c2cccc3ccccc23)cc1,619e8b124f3c49fc,22
,,,c1ccc(N(c2ccccc2)c2ccc(-c3ccc(-c4ccc(-c5nc6c7ccccc7ccc6n5-c5ccccc5)cc4)cc3)cc2)cc1,4a970e7541946efb,12
,,,c1ccc(N(c2ccccc2)c2ccc(-c3cc(N(c4ccccc4)c4ccccc4)c(-c4ccc(N(c5ccccc5)c5ccccc5)cc4)c4nsnc34)cc2)cc1,f5d00a9006b5cf33,11
,,,c1ccc(N(c2ccccc2)c2ccc(-c3ccc(-c4ccc(-c5ccc(-c6ccc(N(c7ccccc7)c7ccccc7)cc6)s5)c5nsnc45)s3)cc2)cc1,5dbfbf5c51400342,11
,,,c1ccc(N(c2ccccc2)c2ccc(-c3cc(-c4ccc(N(c5ccccc5)c5ccccc5)cc4)cc(-c4nc5ccccc5n4-c4ccccc4)c3)cc2)cc1,b742628fed6d49c0,17
,,,c1ccc(N(c2ccccc2)c2ccc(-c3cc(-c4ccc(N(c5ccccc5)c5ccccc5)cc4)cc(-c4ccc(N(c5ccccc5)c5ccccc5)cc4)c3)cc2)cc1,9fa902cf92ef78f6,15
,,,c1ccc(N(c2ccccc2)c2ccc(-c3ccc(-c4ccc(N(c5ccccc5)c5ccc(N(c6ccccc6)c6ccccc6)cc5)cc4)cc3)cc2)cc1,70e575253bd43e93,17
,,,c1ccc(N(c2ccccc2)c2cc(-c3ccc(-c4ccc(-c5cc(N(c6ccccc6)c6ccccc6)cc(N(c6ccccc6)c6ccccc6)c5)c5ccccc45)c4ccccc34)cc(N(c3ccccc3)c3ccccc3)c2)cc1,2639d693655fc849,16
,,,c1ccc(N(c2ccccc2)c2ccc(-c3ccc(-c4ccc(N(c5ccccc5)c5ccc(-c6ccc(N(c7ccccc7)c7ccccc7)cc6)cc5)cc4)cc3)cc2)cc1,020522ca032a524e,21
,,,c1ccc(N(c2ccccc2)c2ccc(-c3ccc(-c4ccc(N(c5ccccc5)c5ccc(-c6ccc(-c7ccc(N(c8ccccc8)c8ccccc8)cc7)cc6)cc5)cc4)cc3)cc2)cc1,b9252cd0825aeed3,20
,,,c1ccc(N(c2ccccc2)c2cc(-c3ccc(-c4ccc(-c5ccc(-c6cc(N(c7ccccc7)c7ccccc7)cc(N(c7ccccc7)c7ccccc7)c6)s5)c5nsnc45)s3)cc(N(c3ccccc3)c3ccccc3)c2)cc1,055d47cb0f26a0cb,15
,,,c1ccc(N(c2ccccc2)c2ccc(-c3ccc(-c4nc5c6ccccc6c6ccccc6c5n4-c4ccc(-c5ccc(N(c6ccccc6)c6ccccc6)cc5)cc4)cc3)cc2)cc1,4e9ec389252d41f6,17
,,,c1ccc(N(c2ccccc2)c2ccc(-c3ccc(-c4ccc(N(c5ccc(-c6ccc(-c7ccc(N(c8ccccc8)c8ccccc8)cc7)cc6)cc5)c5ccc6ccccc6c5)cc4)cc3)cc2)cc1,1c530eb88e35774e,22
,,,c1ccc(N(c2ccccc2)c2ccc(-c3ccc(-c4nnc(-c5ccc(-c6ccc(N(c7ccccc7)c7ccccc7)cc6)cc5)n4-c4ccccc4)cc3)cc2)cc1,ca36f2edbe594838,13
,,,c1ccc(N(c2ccccc2)c2ccc(-c3ccc(-c4ccc(N(c5ccc(-c6ccc(-c7ccc(N(c8ccccc8)c8ccccc8)cc7)cc6)cc5)c5cccc6ccccc56)cc4)cc3)cc2)cc1,2bf585f4e767feb4,22
,,,c1ccc(N(c2ccccc2)c2ccc(-c3ccc(-c4nnc(-c5ccc(-c6ccc(N(c7ccccc7)c7ccccc7)cc6)cc5)n4-c4cccc5ccccc45)cc3)cc2)cc1,923b3cda449e19c0,20
,,,c1ccc(N(c2ccccc2)c2ccc(-c3ccc(N(c4ccccc4)c4c(N(c5ccccc5)c5ccc(-c6ccc(N(c7ccccc7)c7ccccc7)cc6)cc5)c5ccccc5c5ccccc45)cc3)cc2)cc1,54251a0c953d676a,7
,,,c1ccc(N(c2ccccc2)c2ccc(-c3ccc(-c4nnc(-c5ccc(-c6ccc(N(c7ccccc7)c7ccccc7)cc6)cc5)n4-c4ccc(-c5ccc(N(c6ccccc6)c6ccccc6)cc5)cc4)cc3)cc2)cc1,22011900c7093efb,23
,,,c1ccc(N(c2ccccc2)c2ccc(-c3ccc(C4(c5ccc(-c6ccc(N(c7ccccc7)c7ccccc7)cc6)cc5)c5cc(-c6cc7ccccc7s6)ccc5-c5ccc(-c6cc7ccccc7s6)cc54)cc3)cc2)cc1,965650f56e988daf,23
,,,c1ccc(N(c2ccccc2)c2ccc(-c3ccc(C4(c5ccc(-c6ccc(N(c7ccccc7)c7ccccc7)cc6)cc5)c5cc(N(c6ccccc6)c6ccccc6)ccc5-c5ccc(N(c6ccccc6)c6ccccc6)cc54)cc3)cc2)cc1,5b984f56cf5b27b8,15
,,,c1ccc(N(c2ccccc2)c2ccc(-c3ccccc3-c3nnc(-c4ccccc4-c4ccc(N(c5ccccc5)c5ccccc5)cc4)o3)cc2)cc1,eec41bfcdda4edd3,10
,,,c1ccc(N(c2ccccc2)c2ccc(-c3ccccc3-c3nnc(-c4ccccc4-c4ccc(N(c5ccccc5)c5ccccc5)cc4)n3-c3ccccc3)cc2)cc1,7b5c8422de51544e,9
,,,c1ccc(N(c2ccccc2)c2ccc(-c3ccc(N(c4ccccc4)c4ccc(-c5ccc(N(c6ccccc6)c6ccc(-c7ccc(-n8c9ccccc9c9ccccc98)cc7)cc6)cc5)cc4)cc3)cc2)cc1,f7a9d9aebd8b69a9,22
,,,c1ccc(N(c2ccccc2)c2ccc(-c3cnc(-c4ccc(N(c5ccccc5)c5ccccc5)s4)c4nsnc34)s2)cc1,960aa74c8a0e6f80,14
,,,c1ccc(N(c2ccccc2)c2ccc(-c3ccc(N(c4ccccc4)c4ccc(-c5ccc(-c6ccc(N(c7ccccc7)c7ccc(-c8ccc(N(c9ccccc9)c9ccccc9)cc8)cc7)cc6)cc5)cc4)cc3)cc2)cc1,d98026ca6a48ef90,23
,,,c1ccc(N(c2ccccc2)c2ccc(-c3ccc4c(c3)C(c3ccc(N(c5ccccc5)c5ccccc5)cc3)(c3ccc(N(c5ccccc5)c5ccccc5)cc3)c3cc(-c5ccc6ccc7cccc8ccc5c6c78)ccc3-4)cc2)cc1,1509700509c618a5,15
,,,c1ccc(N(c2ccccc2)c2ccc(-c3ccc(N(c4ccccc4)c4ccc(-c5ccc(N(c6ccccc6)c6ccc(-c7ccc(N(c8ccccc8)c8ccccc8)cc7)cc6)cc5)cc4)cc3)cc2)cc1,b3c5746694eff8e1,24
,,,c1ccc(N(c2ccccc2)c2ccc(-c3cccc(-c4nnc(-c5cccc(-c6ccc(N(c7ccccc7)c7ccccc7)cc6)c5)n4-c4ccccc4)c3)cc2)cc1,6fe2d90a12347d95,16
,,,c1ccc(N(c2ccccc2)c2ccc(-n3c4ccc(-c5ccc6ccc7cccc8ccc5c6c78)cc4c4cc(-c5ccc6ccc7cccc8ccc5c6c78)ccc43)cc2)cc1,3cea0b814cf41e77,11
,,,c1ccc(N(c2ccccc2)c2ccc(-c3ccc(N(c4ccccc4)c4ccc(-c5ccc(-c6ccc(-c7ccc(N(c8ccccc8)c8ccc(-c9ccc(N(c%10ccccc%10)c%10ccccc%10)cc9)cc8)cc7)cc6)cc5)cc4)cc3)cc2)cc1,60129643516a1468,22
,,,c1ccc(N(c2ccccc2)c2ccc(N(c3ccc4c(c3)c3ccccc3n4-c3ccccc3)c3cccc4ccccc34)cc2)cc1,1ca8419eeb54877e,15
,,,c1ccc(N(c2ccccc2)c2ccc(-c3ccc4c(c3)C(c3ccc(N(c5ccccc5)c5ccccc5)cc3)(c3ccc(N(c5ccccc5)c5ccccc5)cc3)c3cc(-c5ccc(N(c6ccccc6)c6ccccc6)cc5)ccc3-4)cc2)cc1,5e077fe6baaceb02,22
,,,c1ccc(N(c2ccccc2)c2ccc(C3(c4ccc(N(c5ccccc5)c5ccc6c(c5)c5ccccc5n6-c5ccccc5)cc4)c4ccccc4-c4ccccc43)cc2)cc1,1bbc318383b613e6,21
,,,c1ccc(N(c2ccccc2)c2ccc(C(=Nc3ccc(N=C(c4ccc(N(c5ccccc5)c5ccccc5)cc4)c4ccc(N(c5ccccc5)c5ccccc5)cc4)cc3)c3ccc(N(c4ccccc4)c4ccccc4)cc3)cc2)cc1,9058846edce8c112,9
,,,c1ccc(N(c2ccccc2)c2ccc(N(c3ccccc3)c3cc(N(c4ccccc4)c4ccc(N(c5ccccc5)c5ccccc5)cc4)cc(N(c4ccccc4)c4ccc(N(c5ccccc5)c5ccccc5)cc4)c3)cc2)cc1,8836a5f2a6a21581,4
,,,c1ccc(N(c2ccccc2)c2ccc(-n3c4ccccc4c4cc(N(c5ccccc5)c5ccc6c(c5)c5ccccc5n6-c5ccc(N(c6ccccc6)c6ccccc6)cc5)ccc43)cc2)cc1,c17bb608f8df2aa5,22
,,,c1ccc(N(c2ccccc2)c2ccc(C3(c4ccc(N(c5ccccc5)c5ccccc5)cc4)c4cc(-c5ccc6ccc7cccc8ccc5c6c78)ccc4-c4ccc(-c5ccc6ccc7cccc8ccc5c6c78)cc43)cc2)cc1,81774042e351d7bb,14
,,,c1ccc(N(c2ccccc2)c2ccc(N(c3ccccc3)c3ccc4c(c3)C3(c5ccccc5-c5ccccc53)c3cc(N(c5ccccc5)c5ccc(N(c6ccccc6)c6ccccc6)cc5)ccc3-4)cc2)cc1,5ac1ae6d58c1572a,10
,,,c1ccc(N(c2ccccc2)c2ccc(N(c3ccc4c(c3)C3(c5ccccc5-c5ccccc53)c3cc(N(c5ccc(N(c6ccccc6)c6ccccc6)cc5)c5cccc6ccccc56)ccc3-4)c3cccc4ccccc34)cc2)cc1,b3c1a59282b03ea5,13
,,,c1ccc(N(c2ccccc2)c2ccc(N(c3ccc4c(c3)C(c3ccccc3)(c3ccccc3)c3cc(N(c5ccc(N(c6ccccc6)c6ccccc6)cc5)c5cccc6ccccc56)ccc3-4)c3cccc4ccccc34)cc2)cc1,df2296213559c474,13
,,,c1ccc(N(c2ccccc2)c2ccc3c(c2)c2cc(N(c4ccccc4)c4ccccc4)ccc2n3-c2ccc(OCC3CO3)cc2)cc1,472ba70a2d43fb51,20
,,,c1ccc(N(c2ccccc2)c2ccc3c(c2)c2cc(N(c4ccccc4)c4ccccc4)ccc2n3-c2ccc3c(c2)c2cc(N(c4ccccc4)c4ccccc4)ccc2n3-c2ccccc2)cc1,bf59dd52b671ce65,16
,,,c1ccc(N(c2ccccc2)c2cccc(-c3cc(-c4cccc(N(c5ccccc5)c5ccccc5)c4)cc(-c4nc5ccccc5n4-c4ccccc4)c3)c2)cc1,e3edf36267e3623a,16
,,,c1ccc(N(c2ccccc2)c2ccc3c(c2)c2cc(N(c4ccccc4)c4ccccc4)ccc2n3-c2ccc(-n3c4ccc(N(c5ccccc5)c5ccccc5)cc4c4cc(N(c5ccccc5)c5ccccc5)ccc43)cc2)cc1,335f0a846fd13d5f,15
,,,c1ccc(N(c2ccccc2)c2cccc(-c3nc(-c4cccc(-n5c6ccccc6c6ccccc65)c4)nc(-c4cccc(-n5c6ccccc6c6ccccc65)c4)n3)c2)cc1,4d8cb9ff0b36bd4e,12
,,,c1ccc(N(c2ccccc2)c2ccc3c(c2)c2cc(N(c4ccccc4)c4ccccc4)ccc2n3-c2ccc(-n3c4ccc(N(c5ccccc5)c5ccccc5)cc4c4cc(N(c5ccccc5)c5ccccc5)ccc43)s2)cc1,5c981270833a200e,18
,,,c1ccc(N(c2ccccc2)c2ccc3c(c2)c2cc(N(c4ccccc4)c4ccccc4)ccc2n3-c2ccc(-c3ccc(-n4c5ccc(N(c6ccccc6)c6ccccc6)cc5c5cc(N(c6ccccc6)c6ccccc6)ccc54)cc3)cc2)cc1,09a77947d3687c53,17
,,,c1ccc(N(c2ccccc2)c2ccc3c(c2)c2cc(N(c4ccccc4)c4ccccc4)ccc2n3-c2ccc(OCCCCCOc3ccc(-n4c5ccc(N(c6ccccc6)c6ccccc6)cc5c5cc(N(c6ccccc6)c6ccccc6)ccc54)cc3)cc2)cc1,a06b13d4464ac7ae,8
,,,c1ccc(N(c2ccccc2)c2ccc3c(c2)c2cc(N(c4ccccc4)c4ccccc4)ccc2n3-c2cccc(-n3c4ccc(N(c5ccccc5)c5ccccc5)cc4c4cc(N(c5ccccc5)c5ccccc5)ccc43)n2)cc1,70dc32ec6f017132,13
,,,c1ccc(N(c2ccccc2)c2ccccc2-c2ccc(-c3nnc(-c4ccc(-c5ccccc5N(c5ccccc5)c5ccccc5)cc4)n3-c3ccccc3)cc2)cc1,764a094560ef3ea2,11
,,,c1ccc(N(c2ccccc2)c2ccc(C3(c4ccc(N(c5ccccc5)c5ccccc5)cc4)c4cc(-c5ccc(-c6ccc(-n7c8ccccc8c8ccccc87)cc6)cc5)ccc4-c4ccc(-c5ccc(-c6ccc(-n7c8ccccc8c8ccccc87)cc6)cc5)cc43)cc2)cc1,3c594619cbc4f326,25
,,,c1ccc(N(c2ccccc2)c2ccccc2-c2cccc(-c3nnc(-c4cccc(-c5ccccc5N(c5ccccc5)c5ccccc5)c4)n3-c3ccccc3)c2)cc1,8ac227a760622472,8
,,,c1ccc(Oc2cccc(-n3c(-c4cc(-c5nc6ccccc6n5-c5cccc(Oc6ccccc6)c5)cc(-c5nc6ccccc6n5-c5cccc(Oc6ccccc6)c5)c4)nc4ccccc43)c2)cc1,8c1ae5c903f268bd,6
,,,c1ccc(Oc2ccc(-n3c(-c4cc(-c5nc6ccccc6n5-c5ccc(Oc6ccccc6)cc5)cc(-c5nc6ccccc6n5-c5ccc(Oc6ccccc6)cc5)c4)nc4ccccc43)cc2)cc1,e3d58adb54e4bff1,6
,,,c1ccc(N(c2ccccc2)c2ccc3c(c2)c2cc(N(c4ccccc4)c4ccccc4)ccc2n3-c2ccc(-c3ccc(-n4c5ccc(N(c6ccccc6)c6ccccc6)cc5c5cc(N(c6ccccc6)c6ccccc6)ccc54)s3)s2)cc1,700e31eb4c701210,24
,,,c1ccc2c(-c3ccncc3)cc(-c3cc(-c4cc(-c5ccncc5)c5ccccc5n4)cc(-c4cc(-c5ccncc5)c5ccccc5n4)c3)nc2c1,37c9b7f283d6df34,11
,,,c1ccc([Si](c2ccccc2)(c2ccccc2)c2ccc(-n3c4ccc(-n5c6ccccc6c6ccccc65)cc4c4cc(-n5c6ccccc6c6ccccc65)ccc43)cc2)cc1,f33cc99deab45c49,13
,,,c1ccc(N=C(c2ccc(N(c3ccc(N(c4ccccc4)c4ccccc4)cc3)c3ccc(N(c4ccccc4)c4ccccc4)cc3)cc2)c2ccc(N(c3ccc(N(c4ccccc4)c4ccccc4)cc3)c3ccc(N(c4ccccc4)c4ccccc4)cc3)cc2)cc1,f88fe7a0a4f60b2c,8
,,,c1ccc2c(-c3ccncc3)cc(-c3ccc(N(c4ccc(-c5cc(-c6ccncc6)c6ccccc6n5)cc4)c4ccc(-c5cc(-c6ccncc6)c6ccccc6n5)cc4)cc3)nc2c1,6e641b560844439f,17
,,,c1ccc2c(c1)-c1ccc(N(c3ccc(N(c4ccc5c(c4)C4(CCCCC4)c4ccccc4-5)c4ccc5ccccc5c4)cc3)c3ccc4ccccc4c3)cc1C21CCCCC1,06373220ec04443d,12
,,,c1ccc2c(N(c3ccc(-c4ccc(N(c5cccc6ccccc56)c5c6ccccc6cc6ccccc56)cc4)cc3)c3c4ccccc4cc4ccccc34)cccc2c1,287d9fef16d4aceb,21
,,,c1ccc2c(-c3cc(-c4ccc(-c5ccc(-c6ccc(-c7cc(-c8cccc9ccccc89)cc(-c8cccc9ccccc89)c7)cc6)cc5)cc4)cc(-c4cccc5ccccc45)c3)cccc2c1,bfad2004f0f8fa90,21
,,,c1ccc2c(N(c3ccc(-c4ccc(N(c5cccc6ccccc56)c5cc6ccccc6c6ccccc56)cc4)cc3)c3cc4ccccc4c4ccccc34)cccc2c1,4123ecc4810324aa,21
,,,c1ccc2c(-c3cc(-c4ccc(-c5nnc(-c6ccc(-c7ccc(-c8cccc9ccccc89)c(-c8cccc9ccccc89)c7)cc6)o5)cc4)cc(-c4cccc5ccccc45)c3)cccc2c1,35a89d376b7221ac,23
,,,c1ccc2c(c1)-c1ccc(N(c3ccc(N(c4ccc5c(c4)C4(CCCC4)c4ccccc4-5)c4ccc5ccccc5c4)cc3)c3ccc4ccccc4c3)cc1C21CCCC1,ae3d0cb372bddd63,18
"2,2',2''-(benzene-1,3,5-triyl)tri(9,9'-spirobi[fluorene])",DTXSID70847722,910646-67-2,c1ccc2c(c1)-c1ccccc1C21c2ccccc2-c2ccc(-c3cc(-c4ccc5c(c4)C4(c6ccccc6-c6ccccc64)c4ccccc4-5)cc(-c4ccc5c(c4)C4(c6ccccc6-c6ccccc64)c4ccccc4-5)c3)cc21,ab50cefb96e13d0a,13
,,,c1ccc2c(c1)c1ccccc1n2-c1cc(-c2cc(-n3cccn3)cc(-n3nccn3)c2)cc(-n2c3ccccc3c3ccccc32)c1,e03745757f472227,14
,,,c1ccc2c(c1)c1ccccc1n2-c1ccc2c(c1)-c1cc(-c3ccc4oc5ccc(-n6c7ccccc7c7ccccc76)cc5c4c3)ccc1C2,4e6f801c1588e20b,11
,,,c1ccc2c(c1)ncn2-c1ccc(-c2cc(-n3c4ccccc4c4ccccc43)cc(-n3c4ccccc4c4ccccc43)c2)cc1,d8e139bd6a07358a,14
,,,c1ccc2c(c1)c1ccccc1n2-c1ccc(-c2ccc(-c3nc(-c4ccc(-c5ccc(-n6c7ccccc7c7ccccc76)cc5)cc4)nc(-c4ccc(-c5ccc(-n6c7ccccc7c7ccccc76)cc5)cc4)n3)cc2)cc1,44338de02b55d5f1,13
,,,c1cnc(N(c2cc(-n3c4ccccc4c4ccccc43)cc(-n3c4ccccc4c4ccccc43)c2)c2cc(-n3c4ccccc4c4ccccc43)cc(-n3c4ccccc4c4ccccc43)c2)nc1,8b6aa3a52966334b,7
,,,c1ccc2c(c1)ccc1c2c2ccccc2n1-c1ccc(N(c2ccc(-n3c4ccccc4c4c5ccccc5ccc43)cc2)c2ccc(-n3c4ccccc4c4c5ccccc5ccc43)cc2)cc1,2abdd5789ab13c6d,15
,,,c1cncc(-c2cc(-c3cc(-c4ccncc4)cc(-c4ccncc4)c3)cc(-c3cc(-c4ccncc4)cc(-c4ccncc4)c3)c2)c1,bbb7c93fa3086dc1,22
,,,c1ccc2cc(N(c3ccc(-c4ccc(N(c5ccc6ccccc6c5)c5cccc6ccccc56)cc4)cc3)c3cccc4ccccc34)ccc2c1,c9be44b17016e558,24
,,,c1cncc(-c2cc(-c3cccnc3)cc(-c3cc(-c4cc(-c5cccnc5)cc(-c5cccnc5)c4)nc(-c4cccnc4)n3)c2)c1,05228a67d8fc0acf,25
,,,c1cncc(-c2cc(-c3cccnc3)cc(-c3cc(-c4cccnc4)cc(-c4cc(-c5cccnc5)cc(-c5cccnc5)c4)c3)c2)c1,c0bfb9b5cd8aa806,25
,,,c1cncc(-c2cc(-c3cccnc3)cc(-c3cc(-c4cc(-c5cccnc5)cc(-c5cccnc5)c4)nc(-c4cccc(-c5cccnc5)c4)n3)c2)c1,ac26fb01bc03e1fa,25
,,,c1ccc2cc(-c3nc4ccccn4c3-c3ccc(-c4cc(-c5ccc(-c6c(-c7ccc8ccccc8c7)nc7ccccn67)cc5)cc(-c5ccc(-c6c(-c7ccc8ccccc8c7)nc7ccccn67)cc5)c4)cc3)ccc2c1,7bca0ed524494292,10
"3-[3-[3,5-bis(3-pyridin-3-ylphenyl)phenyl]phenyl]pyridine",DTXSID20679939,921205-03-0,c1cncc(-c2cccc(-c3cc(-c4cccc(-c5cccnc5)c4)cc(-c4cccc(-c5cccnc5)c4)c3)c2)c1,4fc74bd5c54e7752,24
,,,c1cncc(-c2cc(-c3cccnc3)cc(-c3cc(-c4cc(-c5cccnc5)cc(-c5cccnc5)c4)cc(-c4cc(-c5cccnc5)cc(-c5cccnc5)c4)c3)c2)c1,ae93c54332b08de1,25
,,,c1cncc(-c2nc(-c3cc(-c4ccncc4)cc(-c4ccncc4)c3)cc(-c3cc(-c4ccncc4)cc(-c4ccncc4)c3)n2)c1,dc103b406abfb309,21
,,,c1ccc2c3c(ccc2c1)C(c1ccc(N(c2ccc(-n4c5ccc6ccccc6c5c5ccc6ccccc6c54)cc2)c2ccc(-n4c5ccc6ccccc6c5c5ccc6ccccc6c54)cc2)cc1)c1c-3ccc2ccccc12,6b6691fa3963a1a1,21
,,,c1ccc2c(c1)ccn2-c1cc(-c2ccc(-c3cc(-c4ccc(-c5cc(-n6ccc7ccccc76)cc(-n6ccc7ccccc76)c5)cc4)cc(-c4ccc(-c5cc(-n6ccc7ccccc76)cc(-n6ccc7ccccc76)c5)cc4)c3)cc2)cc(-n2ccc3ccccc32)c1,9ac83c359eed1112,25
